14.564364,121.014459
14.557193,121.016929
14.572085,120.984374
14.573423,120.995103
14.6090537,121.0222565
14.6163986,120.9584279
14.593168,120.974321
14.5729762,120.9925836
14.5570185,121.0156073
14.6316246,121.0487181
14.578535,120.98306
14.5588176,120.9901293
14.5750774,120.9906714
14.5576121,121.0134854
14.5865183,121.0613688
14.606427,121.010724
10.316443,123.886685
14.5638626,121.0145136
14.5986094,120.9818999
14.5698071,120.9861984
14.5830002,120.9830017
14.5742258,120.9930127
10.7165728,122.5589725
14.63443,121.020991
14.5526363,121.0154566
33.9308396,-84.2632321
14.6433729,121.0512967
14.569864,120.995454
14.6138589,121.0515586
14.541639,121.016535
14.5776975,120.981448
14.5453701,121.0137311
14.6084687,120.993435
14.610915,120.994009
14.5685317,121.0281027
14.562152,121.01211
14.4276994,121.0248869
14.605194,121.042452
14.5572911,121.0334124
14.628383,121.037403
14.423619,121.023639
14.5944336,120.9746164
14.577676,120.97905
14.5616351,120.9957281
14.559866,121.0008988
14.6702973,121.0327709
10.309939,123.894109
14.5562469,121.0156358
14.561138,121.013752
14.5464501,120.9950601
14.5995124,120.9842195
14.579506,121.046856
14.574128,120.983047
14.552787,121.007184
14.604722,121.057435
14.575394,120.982131
14.5793937,120.9907723
14.557674,121.003542
14.571371,120.983888
14.5740758,121.0839726
14.5274791,120.9937608
14.382169,121.0465316
14.573292,120.991007
14.637621,120.999994
14.5688129,120.9919428
14.565887,121.009649
14.5546529,121.0043032
14.6482581,121.0283723
14.575394,120.982131
14.645719,120.968085
14.574489,120.983955
14.5600799,121.0129666
14.5523349,121.0175175
14.575019,120.98079
14.635437,121.008564
14.6183033,121.0519418
14.566143,121.012462
14.571945,120.993227
14.564543,121.015305
14.580859,120.979951
14.581229,120.980412
14.5830002,120.9830017
14.5743521,120.9855427
14.5762115,120.9907538
14.632813,121.043315
14.5760162,120.9807776
14.5538492,121.0061029
10.308867,123.904125
14.5755784,120.9830743
14.570239,121.1311385
14.5762619,121.049738
14.5713984,120.9841821
14.577644,120.980339
41.30651599999999,-81.8334893
10.3191876,123.9012913
14.5631106,121.0146892
14.556291,121.015677
14.5820086,121.1032678
14.6555957,121.0291817
14.575394,120.982131
14.569974,120.984922
14.581724,121.060237
14.6243687,121.0642627
14.5736761,120.9927673
14.616964,121.0011699
14.6406688,121.0187671
14.5749386,120.9806863
14.5639241,121.002522
14.569243,121.0161685
15.163515,120.576131
14.5906294,121.0341717
14.5519039,121.0051234
14.621231,120.96537
14.5895984,120.9973902
14.5818835,120.9818513
14.5973287,120.9785351
14.5685317,121.0281027
14.6148497,121.0185933
14.67166,121.0409456
14.555218,121.020765
15.312163,120.9474806
14.5973287,120.9785351
14.585859,121.048451
14.579972,120.979744
14.586283,121.062791
14.576754,120.989508
14.568479,120.9871952
14.5787254,120.9903778
14.569428,120.991723
14.5771834,121.0109356
14.5579033,121.0039968
14.564364,121.014459
14.667368,121.052489
14.626321,121.071917
14.5525843,121.013463
14.6909548,120.9732872
14.6165943,121.0772247
14.64482,121.017028
14.5627548,121.0118978
14.5777143,120.9884048
14.588131,120.978325
14.5507978,120.9870523
14.584757,120.991116
14.545296,120.9941545
14.5624677,121.0298634
14.5519936,121.0155686
14.571349,121.02741
14.566849,121.007886
14.558085,121.019689
14.5793048,120.9873184
14.571852,120.982226
14.5673951,120.9849893
14.5857307,121.0099359
14.5577105,121.0336869
14.6158513,120.997479
14.6524317,121.0219874
14.572604,120.98528
14.569433,120.991723
14.5991099,121.0333303
14.5832564,120.9870505
14.642104,121.033687
14.6422071,121.0336444
14.5557256,121.0180413
14.559909,121.019858
14.576266,120.982606
14.566849,121.007886
14.5762115,120.9907538
14.575588,120.980173
14.57314,120.98149
14.590491,120.974029
14.5698422,121.0239005
14.6356317,121.0321992
14.5794469,120.9786478
14.572848,120.993921
14.5464501,120.9950601
14.5761099,120.981906
14.5761099,120.981906
14.561144,120.994017
14.7031002,121.0559998
14.623141,121.029028
14.5561311,121.0236101
14.5747789,120.9902087
14.583459,121.051406
14.597024,120.975767
14.5769485,120.982545
14.5776571,120.978747
14.634765,121.034659
14.567879,120.986691
14.6023936,120.9591289
14.5823098,120.9948907
14.579373,120.980997
14.5696701,120.9848887
14.5788958,120.9872409
14.56036,121.0128456
14.554688,121.02061
14.6482581,121.0283723
14.579463,120.9804344
14.6238177,121.0312018
14.613593,120.99255
14.5505684,120.9953347
14.5757363,120.980343
14.4751492,121.0240094
14.6153148,121.0655955
14.5787318,120.9880578
14.5745171,120.9920393
14.612997,121.033681
14.5795758,120.9802704
14.5747804,120.9972775
14.6225076,121.0266456
14.6439846,120.9838325
14.6404262,120.9756914
14.5400585,121.0040623
14.569112,120.986901
14.565415,121.002758
14.590712,121.08765
14.5683248,121.0152115
14.55278,120.99479
14.6655566,121.0298473
14.626765,121.070353
14.5779765,120.9920266
14.556941,121.015485
14.579952,121.020857
14.5617465,121.0226311
14.5565748,121.0214233
14.645711,121.036159
14.5784879,120.9818262
14.5706778,121.0260412
14.629628,121.0419232
14.5732501,120.9925905
14.5742414,120.9922252
14.5644942,121.0310295
14.571876,120.991602
14.5931358,120.9732021
14.6096157,120.9928177
14.573585,120.9898158
14.6061495,121.0412899
14.5555649,120.9970729
14.585859,121.048451
14.5741924,120.9810895
14.6192726,121.0256026
14.5430984,121.0028051
18.356968,121.6397821
14.5628831,121.0111557
14.622031,121.096181
15.3329773,119.975756
14.557796,121.011106
14.5800869,120.9784117
14.5792728,120.9818135
14.5898343,120.9750395
14.551834,121.017867
14.5555392,121.0171591
14.569328,121.024113
14.559945,121.003455
14.6171052,121.0010427
14.623521,121.048497
14.657502,120.996657
14.5583752,121.0221226
14.5662771,121.0139466
14.635491,121.032937
14.5584675,121.0047951
14.587675,121.045801
14.5541632,120.997194
14.672801,121.078932
14.5794469,120.9786478
14.6352072,121.0240581
14.5340139,121.0228934
14.5751247,120.9898224
14.601149,120.970418
14.635336,121.032419
14.6171343,121.0391988
14.56839,121.022796
10.2944289,123.905657
10.3125024,123.8969764
14.5934916,120.9775238
14.5848141,120.9917562
10.7309209,122.5773228
14.5769485,120.982545
14.575588,120.980173
14.575588,120.980173
14.5712036,120.9912623
14.63165,121.048556
14.5771897,120.9905975
14.579285,120.980367
14.579285,120.980367
14.5925654,120.9724628
14.5931358,120.9732021
14.593126,120.974291
16.6118484,120.3120089
14.581669,121.129348
14.5498484,121.0063003
14.5697832,121.0217119
14.563476,121.006413
14.553803,121.015369
14.616739,120.988174
14.6328341,121.0193252
14.551982,121.006553
14.5627442,121.0303296
14.590417,121.005956
14.553199,121.073569
14.6171926,121.0053601
14.602697,121.005399
14.572995,120.991585
14.612941,120.9900967
13.781153,121.03454
14.572604,120.98528
14.5886329,121.0432591
14.580758,120.97976
14.6366144,121.0152703
14.5677854,120.9962558
10.3091042,123.8952266
14.573925,121.036399
14.557884,121.001652
14.5647905,120.9863578
14.5896472,121.0704491
14.5632944,120.9877319
14.5702822,120.9927629
14.556949,121.02023
14.439304,121.002944
14.5656512,121.0007497
14.620072,121.051346
14.5523349,121.0175175
14.651391,120.9885277
14.5655211,121.0083482
14.611026,120.995824
14.5631463,121.0146054
14.5769485,120.982545
14.426585,121.025245
14.7135606,121.0661011
14.545296,120.9941545
14.5794573,120.9965651
14.632901,121.035046
14.5778363,120.9803885
14.5744015,120.9843752
14.5582897,121.016238
14.5818486,120.9974493
14.587142,120.972497
14.5873603,120.9728649
14.5819674,120.9810867
14.643038,121.031883
14.6247605,120.9983514
14.619449,121.0380874
14.6100596,121.0992787
14.5720617,120.9896258
14.570684,120.992642
14.570938,120.984576
38.9035745,-77.03343989999999
14.570218,121.0218649
14.5616351,120.9957281
14.5570185,121.0156073
14.56852,120.984757
14.602953,121.045574
14.572769,120.986514
14.5670067,121.0004282
14.5532776,121.0061902
14.589108,120.977904
14.5778953,120.9919787
14.565759,121.007397
14.5784744,120.981941
14.6359904,121.0237682
14.6359904,121.0237682
14.57426,120.983049
14.575588,120.980173
14.5743933,120.9832146
14.562935,121.0283362
14.597811,120.97526
14.5776975,120.981448
14.6151318,121.0470954
14.570209,121.023089
14.5464501,120.9950601
14.554075,120.991613
14.56261,121.0109802
14.5749839,120.9944248
14.4790582,120.9968646
14.66181,120.945933
14.580951,120.979898
14.6333332,121.0333328
14.4503466,121.0348136
14.6206128,120.9827816
14.559164,121.009748
14.6231293,121.00277
14.5405423,121.0120587
14.5775873,120.9891109
14.5709633,120.9843366
14.5799471,120.9814267
14.4742966,121.0208916
14.467558,121.015533
14.55933,120.988164
14.6988358,121.0655434
14.5738528,120.9906846
14.6423842,120.9946616
14.64603,121.078776
14.5643982,121.0007646
14.579363,120.980989
14.577795,120.991973
14.575588,120.980173
14.5909285,120.9851843
14.618054,121.060247
14.5724157,120.9901035
8.0613752,123.749597
14.5780527,120.9787222
10.644412,122.936236
14.5650083,121.013714
14.575394,120.982131
14.5844864,121.0494642
14.6014554,120.9818424
14.596749,121.054316
14.6202594,121.0195204
14.6202594,121.0195204
14.5575185,121.015172
18.46915,-69.93710899999999
14.5264803,120.9938235
14.5769485,120.982545
14.580766,120.990404
14.570218,121.0218649
14.6019983,120.9739279
14.5742414,120.9922252
14.55941,121.030252
14.497556,121.0502102
14.5542918,121.0067442
14.5779183,121.0394646
14.5600894,121.0036384
14.5800425,120.9895769
14.579312,120.990584
14.7480122,121.073986
14.6423231,121.0361529
14.5640727,121.0026032
14.57948,120.977879
14.6225114,121.0266571
14.5689116,120.9921495
14.580784,120.979685
14.572841,120.9897011
14.5790126,120.9874535
14.559081,121.017166
14.5779765,120.9920266
14.59673,120.977312
14.570926,120.984293
14.5741924,120.9810895
14.551374,121.01672
14.5791187,121.0030895
14.5631463,121.0146054
14.5860739,120.9825134
14.5575185,121.015172
14.5709142,120.9879606
14.7046809,121.056443
14.692105,121.026276
14.6113362,121.0085657
14.6062512,121.0818443
14.5846492,120.9912619
14.5650661,121.0085979
14.5610756,121.026534
14.5519936,121.0155686
14.579228,120.978553
14.553512,121.016958
14.5774948,120.9802091
14.5560205,121.0148292
14.67673,121.031532
14.5560205,121.0148292
14.5385141,120.9957053
14.5789528,120.9878103
14.580634,121.006897
14.6030657,121.0236308
14.562627,121.012023
10.311692,123.894274
14.5576121,121.0134854
10.3141435,123.8913202
14.574357,121.046593
14.5604928,121.0028426
14.6017787,121.0065288
14.6333348,121.0221328
14.7135606,121.0661011
14.619762,121.046276
14.5625952,121.0120352
14.58955,121.0987906
14.573851,120.992119
14.5792521,120.9893541
14.6438353,121.0358446
14.5365614,120.9959288
14.627094,121.033474
14.5931358,120.9732021
14.635779,121.023468
14.607372,120.990914
14.573238,121.041596
14.699575,121.024784
14.583818,120.989738
14.5524747,121.0154566
14.600047,120.979902
14.5765845,120.9896412
14.568761,120.992048
14.570218,121.0218649
14.5568984,121.0155801
14.6531611,121.0650968
14.5758081,120.994173
14.5755569,120.9803188
14.537708,121.019905
14.60304,121.087617
14.5442472,121.0166888
14.5513128,121.0178759
14.566725,120.986359
14.3685562,121.0490692
14.584521,121.050085
14.562868,121.0263507
14.6158513,120.997479
14.5713826,121.0314943
14.6312111,121.0609698
14.584651,120.9735279
14.6413394,121.0354604
14.576757,120.989508
10.2091308,123.7595272
14.5401254,121.0122904
14.6018294,121.0134854
10.6971899,122.5689626
14.5107,121.0423665
14.557226,121.014516
14.5906853,120.9981429
14.605369,121.054548
14.567131,120.987629
14.6644562,121.0441078
14.5636004,121.0140294
14.5776444,121.0447558
14.5746709,120.9887892
14.5387,121.008236
14.583818,120.989738
14.622431,121.045971
14.6529828,120.9838166
14.5727102,120.990605
15.4810057,120.9583031
14.5549342,121.0174279
14.6158211,120.9928981
14.6240449,121.0320604
14.641817,120.955674
14.57197,121.009577
14.5652218,121.0297339
14.5591324,121.009722
14.5789964,120.9895026
14.4463658,120.9920171
10.308334,123.894267
14.5747804,120.9972775
14.5674437,121.0133178
14.5776975,120.981448
14.5769485,120.982545
14.605584,121.048935
14.569842,121.024363
14.60139,121.046587
14.60139,121.046587
14.5791636,120.9828343
14.425444,121.045055
14.5769485,120.982545
14.5580552,121.0034574
14.558049,121.0182343
14.562496,121.030661
14.577895,120.987557
14.5535254,121.0190413
14.5806847,120.9913422
14.5780527,120.9787222
14.579862,120.9884835
14.634898,121.059957
14.5789986,121.0026245
14.5776624,120.9789696
14.5780874,121.0650612
14.6107109,121.0418393
14.56387,120.998447
14.554754,121.0178311
14.530804,121.003932
14.5661371,121.0116382
14.5793263,121.0583979
14.5805136,120.9812447
10.3183076,123.8930006
14.589625,121.060972
14.5524747,121.0154566
14.6475,121.028514
14.579954,120.998915
14.5784486,120.9879841
14.6058125,120.9856536
14.5796518,120.9810691
14.576472,121.049014
14.576472,121.049014
14.573059,120.98368
14.5728208,120.9854587
14.570218,121.0218649
14.626021,121.058953
14.540084,121.01508
14.580634,121.006897
14.5773275,120.9911523
14.5941606,120.9915714
14.575015,120.98079
14.6357651,121.0182037
14.5931358,120.9732021
14.599736,121.048625
14.557587,121.010595
14.584796,120.991243
14.557903,121.032934
14.578489,120.979737
14.559242,121.011183
14.5883287,121.0441028
14.5777331,120.9789431
14.579095,121.00266
14.572928,121.0018689
14.5558126,121.0220085
14.5715857,120.988576
14.571883,121.025666
14.5679101,120.9943289
14.5595269,120.9881204
14.5749908,120.9806954
14.55237,121.017684
14.579311,120.978924
14.5780375,120.9899097
14.5787963,120.9885833
14.5752954,120.9824502
14.56195,120.999271
14.56195,120.999271
14.572478,121.060602
14.5783871,120.9795707
14.6379636,121.0044799
14.6298372,121.0701042
14.5744194,120.9844179
14.7148718,120.9580308
14.5721792,120.9839833
14.571251,120.983481
14.5581835,120.9976168
14.56821,120.98708
14.5709633,120.9843366
14.5709633,120.9843366
14.575015,120.980793
14.5726435,120.9943282
14.5717681,120.9910211
14.5574661,121.0401266
14.5884759,121.0633192
14.5565637,121.0063461
14.5752954,120.9824502
14.574128,120.983047
14.5599735,120.989213
14.5657396,120.9844589
14.5674851,120.985015
7.1210027,125.6543717
14.6225465,121.0267654
14.576525,120.9896693
16.3882868,120.5752758
14.6014781,121.0063247
14.599778,121.079885
14.5769485,120.982545
14.5904195,121.0339711
14.6056921,121.0814706
14.6338651,121.056599
14.5869748,121.0228293
14.628604,121.059482
14.5648555,121.0033999
14.5556746,121.0173383
14.603133,121.004857
14.563424,121.011302
14.57345,120.9940239
14.6085585,120.979184
14.554515,121.004514
14.6238604,121.038438
14.5568339,121.015194
14.459021,121.031536
14.5981567,120.9915052
14.5769485,120.982545
14.582743,120.985766
14.5860739,120.9825134
14.632813,121.043315
10.30506,123.9001454
14.578678,120.987161
14.56211,121.001197
14.574128,120.983047
14.6232986,121.0451112
14.5780527,120.9787222
14.5874557,121.0614034
14.5793938,120.9789573
14.617743,121.058678
14.62475,121.044652
14.6438353,121.0358446
14.5874557,121.0614034
14.557247,121.019847
14.5673951,120.9849893
14.56783,120.985526
14.571945,120.993227
14.582842,121.061801
14.6219111,121.0475394
14.603986,121.051912
14.5736857,120.989759
14.5532705,120.9979453
14.5533116,121.0066107
14.5576121,121.0134854
14.576866,121.049406
14.541619,120.992432
14.562715,121.026372
10.7180765,122.5423428
7.0607538,125.6015936
14.6000821,121.1006262
14.5707054,120.9841222
14.5637663,121.0118965
14.5780527,120.9787222
14.554254,120.9978509
14.5464501,120.9950601
14.572604,120.98528
14.6079636,120.9862086
14.667466,120.9679404
14.5680634,120.9938383
14.572825,120.9939099
14.57426,120.983049
14.5666861,121.0483523
14.5830002,120.9830017
14.6017566,121.006939
14.575394,120.982131
14.538571,121.011487
14.5673951,120.9849893
14.6428014,121.0378931
14.579516,120.988375
14.632483,121.018945
14.637979,121.025748
14.5736489,120.9925102
14.5830002,120.9830017
14.618649,121.050615
14.5737324,120.9895628
14.575394,120.982131
14.5741924,120.9810895
14.5714834,121.0159047
14.5594042,121.0028163
14.5795363,120.9779973
14.5987034,121.017283
14.566725,120.986359
14.5638349,121.0449215
14.559105,120.996246
14.571475,120.991823
14.5769485,120.982545
14.70167,121.062908
14.5739948,120.9809777
14.5655031,121.0138442
14.570199,120.9915848
14.6197,121.005892
14.6294295,121.0470281
14.5755569,120.9803188
14.5782021,120.9898177
14.584949,120.974148
14.618835,121.014309
14.5264597,120.9970865
14.5858597,121.0622087
14.5555649,120.9970729
14.575591,120.981954
14.5517886,121.0085574
14.5761101,120.9903656
14.5616351,120.9957281
14.627618,121.0249706
14.634316,121.03856
14.5564096,121.014247
14.5777331,120.9789431
14.5735488,120.9908131
14.4829372,121.0394668
14.5713725,120.9850717
14.574128,120.983047
7.183384999999999,125.4396635
14.5662606,121.0020433
14.564947,121.013986
14.6212591,120.9988138
14.551912,121.005196
14.6049031,121.0572486
14.5769485,120.982545
14.5727682,120.9878464
14.5818835,120.9818513
14.5709968,120.992195
14.624671,121.0401597
14.5595744,121.004045
9.1455141,123.6371591
14.537553,120.9950495
14.6053208,120.9876494
14.618683,121.024464
14.5571446,121.0211014
14.5664142,121.065951
14.5735688,120.9898249
14.582824,120.9971307
14.5737344,120.9927654
14.555461,121.01701
14.6242902,121.0428706
14.5800827,120.9797899
14.6200085,120.9924719
14.621935,121.04787
14.6199121,121.0508545
14.640071,121.055054
14.5576121,121.0134854
14.574128,120.983047
14.5742318,120.9922241
10.360895,123.934489
14.5811745,120.9804261
14.5812746,120.9952466
14.5558683,120.9965268
14.5560386,121.0038143
14.531706,121.023193
14.5636004,121.0140294
14.578548,120.98196
14.5741924,120.9810895
14.584651,120.9735279
14.5815738,120.9868866
14.5940033,120.9653134
14.5940033,120.9653134
14.5804947,120.9886965
14.5685724,120.9870145
14.559582,121.002973
14.6405274,121.0250136
14.5806366,120.9887496
14.558221,121.003372
14.5877774,121.061324
14.6294088,121.0866456
14.619468,121.003969
14.563658,121.014345
14.5812321,120.9804574
14.56261,121.0109802
14.610257,121.022471
14.6898405,121.0281282
14.575594,120.981954
14.4183645,121.0384987
14.570218,121.0218649
14.570218,121.0218649
14.5749386,120.9806862
14.5725148,120.9839705
14.5464501,120.9950601
14.5559105,121.0157255
14.5762997,121.0390015
14.5931358,120.9732021
14.5818131,120.9864278
14.626424,121.055856
14.525338,120.997179
14.6323155,121.0275122
14.5824085,120.9843116
14.5672708,121.029629
14.5696807,121.01131
14.583818,120.989738
14.566016,121.004702
14.5687265,120.9869309
14.5687333,120.9869272
14.5687333,120.9869272
14.623586,121.0546863
14.5755569,120.9803188
14.5809822,120.9764328
14.642624,121.050478
14.585229,121.04872
14.507338,121.045986
14.545165,120.993497
16.627277,120.3205
14.5495448,120.998413
14.5886329,121.0432591
14.558085,121.019689
14.583858,120.989393
14.544706,120.991959
14.5709314,120.9821167
14.4559793,121.0384821
14.5769485,120.982545
14.5632944,120.9877319
14.6317454,120.995267
10.3452485,123.9223601
14.293316,121.006097
14.4423836,120.9529041
14.5722439,120.9924458
14.6252293,121.050875
14.579078,121.001934
14.556841,120.9913313
14.5703362,120.9951461
14.5600401,121.0048792
14.5935094,120.9614086
14.637979,121.025748
14.6326841,121.0415303
14.623141,121.029028
14.5793614,120.988094
14.5525833,121.0021667
14.5653999,121.0069674
14.599272,121.004877
14.5778953,120.9919787
14.5797828,120.9774597
14.598266,121.0150602
14.584949,120.974148
14.6238222,121.0334953
14.6598229,121.0426584
14.556282,121.018671
14.6230227,121.0481005
14.604961,121.05735
14.577676,120.979057
14.566511,120.9857948
14.575185,120.992659
14.5776439,121.0169234
14.577914,120.9907126
14.5661234,120.9968802
14.630775,121.034761
14.6234007,121.0306953
14.6037597,121.0092886
14.6347782,121.0364336
14.556824,121.005212
14.6281754,121.0582021
14.605369,121.054548
14.557449,121.00729
14.5755569,120.9803188
14.622913,121.071521
14.6121953,120.9956344
14.5580835,121.0013446
14.5727102,120.990605
14.5544608,120.9991833
14.545167,121.0111
14.623285,121.044382
14.574472,120.984937
14.574128,120.983047
14.5762181,120.9808311
14.570199,120.9915848
14.583818,120.989738
14.6028551,121.0612468
14.566561,120.985457
14.5652048,120.9992857
14.578142,120.9898513
14.5769485,120.982545
14.567655,120.985907
14.5769038,120.9804976
14.6054702,121.0790608
14.6234983,121.048366
14.6482581,121.0283723
14.5743377,120.9918816
14.5792213,120.9893722
14.545296,120.9941545
14.5546529,121.0043032
14.602689,121.046226
14.5742148,120.9824563
14.604147,121.0235892
14.5544608,120.9991833
14.5549932,121.0799566
14.562136,120.999056
14.5776975,120.981448
14.5795223,120.9816704
14.580241,120.981978
14.5755569,120.9803188
14.605208,121.054527
14.5728587,120.9876772
14.574128,120.983047
14.5685317,121.0281027
14.5860739,120.9825134
10.6996156,122.5506307
14.558085,121.019689
14.5769485,120.982545
14.5756804,120.9933663
14.545296,120.9941545
14.5889479,121.061983
14.58983,120.971053
14.5940033,120.9653134
14.5727102,120.990605
14.5908566,120.9661179
14.578902,120.98935
14.5931358,120.9732021
14.5813648,120.9959119
14.550428,121.008368
14.577676,120.979057
15.156362,120.59202
14.553426,121.006454
14.575448,120.980424
14.6230913,121.0440867
14.5796367,121.045895
14.617429,121.0576871
14.5780342,120.9899115
14.586736,120.972802
14.57417,120.993805
14.5931358,120.9732021
14.578587,120.979001
14.5870417,121.0022621
14.5769485,120.982545
14.5769412,120.9894757
14.5741924,120.9810895
10.3134949,123.89043
14.6225939,120.9925928
14.660098,120.944606
14.5755569,120.9803188
14.5769485,120.982545
14.5931358,120.9732021
14.622379,121.046072
14.467113,121.015032
14.5818144,121.047765
14.667968,121.010284
14.6347585,121.0214494
44.901342,-93.739708
13.941649,121.622318
14.565964,121.008355
14.554705,121.015068
14.569672,120.985557
14.550459,121.013941
14.573686,121.03906
14.5741924,120.9810895
14.585389,120.982451
14.543113,121.011761
14.5756061,120.9803429
14.472913,121.005334
14.5497519,121.013351
14.565496,120.986219
14.554696,121.002998
14.6078081,121.038988
14.6333167,121.0200892
14.6110296,120.9962387
14.4642693,121.014812
14.584114,121.062705
14.572289,120.990837
14.5713984,120.9841821
14.5346863,120.9985544
14.5755429,120.9818065
14.5818131,120.9864278
14.558419,121.016479
14.568827,120.986683
14.570199,120.9915848
14.5731254,120.985814
14.573851,120.992119
14.5550045,121.0186261
14.556629,121.0000571
14.6321949,121.0433365
14.5592304,121.0111319
14.474821,121.045004
14.548488,120.990965
14.5940033,120.9653134
14.5564795,121.0063711
14.5536186,121.0078954
14.5763093,120.990042
14.556941,121.015485
14.5727102,120.990605
14.602432,120.9800319
14.568923,120.9930981
14.559327,120.988172
14.6232862,121.0009259
14.57874,120.980933
14.62345,121.053961
14.5534,120.996445
14.6328341,121.0193252
14.5707048,121.0210418
14.6350843,120.9942234
14.6148172,121.0727454
14.575394,120.982131
14.557505,121.016318
14.5157344,120.9953669
14.556088,121.013587
14.5712872,121.0140335
14.5635155,121.0592639
14.6107053,121.0377247
14.5896134,121.0194339
14.6423189,121.033846
14.6803812,121.0321629
14.557312,121.005971
14.6241999,121.05763
14.5169949,120.9942451
14.580533,120.987329
14.57223,120.991329
14.6211742,121.0495633
14.650096,121.028781
14.6015099,121.0464452
14.5580552,121.0034574
14.5989749,120.9800537
14.576759,120.989508
14.432771,121.004792
14.551464,121.016268
14.583002,120.986943
14.5658229,121.0324893
14.5923038,120.9717716
14.557449,121.00729
14.5841133,120.9909061
14.584521,121.050085
14.5784165,120.989508
14.5585208,121.0150086
14.563755,121.076471
14.553095,121.015377
14.5704891,120.9924845
14.6118652,120.9813739
14.5893151,120.9869645
14.5712686,121.0483704
14.584651,120.9735279
14.5575434,121.0002079
15.7879491,121.0044327
14.553296,121.017709
14.56581,121.030792
14.5526363,121.0154566
14.559319,121.024403
14.627839,121.018486
14.5713984,120.9841821
14.565895,120.9850261
14.6188531,121.0651161
14.603396,121.045008
14.623422,121.0027656
14.6327342,121.0432672
14.5741924,120.9810895
14.552401,121.016015
14.5632944,120.9877319
14.616559,121.05926
14.5918766,120.973865
14.618784,121.012536
14.643064,121.052008
14.6402302,121.010426
14.6544164,120.9842563
14.6100174,121.0235882
14.5735809,120.9910837
14.5747086,120.9912041
14.5814239,121.0127937
14.5707084,121.0126018
14.5543718,121.0052248
14.580095,121.059787
14.5572906,121.0260503
14.5755569,120.9803188
14.5722816,120.9827527
14.566284,121.045602
14.615196,121.0623793
14.574128,120.983047
14.5796205,120.9803731
14.557273,121.000357
14.541619,120.992432
14.5808722,120.9880099
14.571462,120.994646
14.632813,121.043315
14.5705054,120.99511
14.5658409,121.0095726
14.5776624,120.9789696
14.6402302,121.010426
14.6544164,120.9842563
14.6100174,121.0235882
14.5735809,120.9910837
14.5747086,120.9912041
14.5814239,121.0127937
14.5707084,121.0126018
14.5543718,121.0052248
14.580095,121.059787
14.5572906,121.0260503
14.5755569,120.9803188
14.5722816,120.9827527
14.566284,121.045602
14.615196,121.0623793
14.574128,120.983047
14.5796205,120.9803731
14.557273,121.000357
14.541619,120.992432
14.5808722,120.9880099
14.571462,120.994646
14.632813,121.043315
14.5705054,120.99511
14.5658409,121.0095726
14.5776624,120.9789696
14.607536,121.101505
14.537779,121.019865
14.636829,121.072115
14.558231,121.019393
14.5603927,121.0042307
10.330756,123.8989229
14.6049031,121.0572486
14.427921,121.041444
14.427921,121.041444
14.5703422,120.9920608
14.579095,121.050075
14.5719125,120.9822017
14.5830002,120.9830017
14.6389966,121.0404337
14.5683545,120.9936834
14.5556309,121.0132166
14.6596781,121.0681189
14.5573278,121.0379924
14.590133,121.040937
14.5771834,121.0109356
14.614783,121.018308
14.5779765,120.9920266
14.6078284,120.9978093
14.574128,120.983047
14.634131,121.039377
14.626867,121.012102
14.622946,121.047259
14.573303,120.9925625
14.5741924,120.9810895
14.5702757,120.9914719
14.5647655,121.0164743
14.616752,121.0003016
14.576099,121.0506031
14.5769485,120.982545
14.7653,121.0247001
14.571316,120.983829
14.560272,121.0313718
14.5659993,121.03038
14.5769485,120.982545
14.5579019,121.0010945
14.5454407,120.994744
14.5700689,120.9847257
14.6369315,120.995221
14.6166211,121.0580233
14.554031,121.006276
14.5505684,120.9953347
14.600955,120.9993969
14.5843268,121.0480832
14.5712366,120.9845664
14.5828844,121.0493948
14.5732001,120.9882698
14.5852841,121.0181223
14.569124,120.99324
14.5341702,121.0218104
14.5635155,121.0592639
14.618656,121.071019
14.59145,121.040935
14.5810629,120.9805517
14.5872971,121.0018889
16.4129894,120.5789035
14.6236165,121.054751
14.5602488,121.0029048
14.583333,120.966667
14.56228,121.031067
14.576023,120.9808507
14.5776975,120.981448
14.5776975,120.981448
14.5557538,121.0030345
14.5645775,121.0284356
14.5894904,120.9862915
14.5379906,121.016451
14.5657071,121.0011537
14.5886329,121.0432591
14.5579419,121.0020806
13.7854921,121.0066789
14.5464501,120.9950601
14.5378358,121.0069283
14.554927,121.019626
14.6362987,121.0268815
14.502177,120.9962011
14.5769485,120.982545
14.575068,120.9906533
14.575394,120.982131
14.5793498,120.9787247
14.562442,121.010702
14.5769485,120.982545
14.5844643,120.9837843
14.5792345,121.0484808
14.558221,121.003372
14.680506,121.014704
14.5672708,121.029629
14.639632,121.024018
14.615896,120.999767
14.579669,121.0313865
14.5809253,120.9893203
14.5812966,121.1320728
14.5776975,120.981448
14.569251,120.995501
42.3006296,-70.8835103
14.62702,121.0109517
14.570218,121.0218649
14.572751,121.063343
14.5644246,120.9963506
14.554927,121.019626
14.560454,121.012098
14.571141,120.990844
14.545167,121.0111
14.5860739,120.9825134
9.317852000000002,123.2977339
14.5514383,121.0172935
14.635798,120.9629228
14.6364581,121.0213254
14.6333043,120.9981755
14.5369387,120.9925995
14.6054324,120.9873891
14.5322803,121.0244794
14.5780527,120.9787222
14.5791829,121.0488948
14.592458,120.972603
14.5818835,120.9818513
14.5818835,120.9818513
14.6309879,121.0155845
14.5728885,120.9929332
14.611757,120.982657
14.641451,121.024392
14.637686,121.02635
14.561287,121.02726
14.657702,121.006825
14.583656,120.987554
14.5731382,121.0452142
14.562481,121.029399
14.632729,121.045609
14.650376,121.0286656
14.554138,121.01519
14.5686178,120.9869013
14.5877774,121.061324
14.5739478,120.9818052
14.55662,121.018964
14.559928,120.989359
14.5758569,120.9911372
14.5776975,120.981448
14.5860739,120.9825134
14.559517,120.98796
14.5741924,120.9810895
14.558049,121.0182343
14.650524,121.028661
14.5747585,120.9891052
14.577378,120.9892157
14.6329492,121.054248
14.570927,121.00273
14.6240449,121.0320604
14.5912747,120.9751366
14.5834685,120.9922924
14.559517,120.98796
14.5801001,120.9990005
14.57428,120.983081
14.5621926,120.9991613
14.6275868,121.0138521
14.639467,121.033229
14.560193,121.00321
13.7723092,121.0512696
14.5717681,120.9910211
14.574291,120.983074
14.55562,121.009706
14.5563703,121.0178311
14.5632488,121.0137998
14.5755308,120.9957075
14.659814,121.0314941
14.559775,121.0046368
14.5752716,121.0610103
14.592185,120.9747238
14.5594419,120.9959944
14.538458,120.994295
14.565669,120.98616
10.6899996,122.5500031
14.5818835,120.9818513
14.5763956,120.9905353
14.553426,121.006454
14.6037127,120.9977646
14.56743,121.0395
14.5696726,120.9848862
14.5285948,121.0043903
14.5004362,121.0157361
14.5919523,120.9758301
14.5385141,120.9957053
14.542676,121.014316
14.6400553,121.0310198
14.5931358,120.9732021
14.5755429,120.9818065
14.571173,120.983485
13.7553523,121.0567032
14.5813141,120.9865174
14.6103584,121.0252608
14.5767457,120.9898035
14.5711536,120.9845664
14.5741924,120.9810895
14.6198204,120.9987494
14.5720732,121.0607957
14.57422,120.981354
14.4793095,121.0198229
14.5464501,120.9950601
14.5672708,121.029629
14.5851867,120.9722586
14.5777331,120.9789431
14.5721136,120.9915651
14.555458,121.016958
14.5569,120.996361
35.2163506,-80.7857403
14.5721711,120.9915331
14.563853,121.014471
14.6163986,120.9584279
14.6236157,121.0547492
41.3265013,-92.3332143
14.538223,120.995538
14.628678,121.053001
14.5719125,120.9822017
14.5741924,120.9810895
14.552929,121.016523
14.615896,120.999767
14.573892,120.990211
14.5763956,120.9905353
14.663747,120.992543
14.556612,121.016035
14.570218,121.0218649
14.5836316,120.9875873
14.555736,121.0046739
14.551912,121.005196
34.0379295,-118.514616
14.573078,121.052549
14.566981,121.083682
14.570062,121.017019
14.5768,120.989578
14.597764,121.038554
14.5524747,121.0154566
14.6172037,121.0552925
14.5747086,120.9912041
14.6296831,121.0441222
14.581978,120.985871
14.5741924,120.9810895
14.574059,120.992042
14.617,121.100295
14.6301869,121.0152517
14.5744015,120.9843752
14.5598463,120.9925322
14.577791,120.980262
14.566274,121.010874
14.626888,121.061932
14.5388807,121.0111075
14.613823,121.062393
10.3084352,123.8880004
14.5570185,121.0156073
13.181627,123.6609319
14.5662844,121.045711
14.5364824,121.0204359
14.5785967,120.9897261
14.5791187,121.0030895
14.6199325,121.0042304
14.590546,120.983434
14.6357086,121.024016
14.5725665,120.9895814
14.5575549,121.0155074
14.584651,120.9735279
14.56609,121.014095
14.5858117,121.0601708
14.5654279,120.9943088
14.5654279,120.9943088
14.562723,121.011129
14.5931693,121.0179396
14.598707,120.980164
14.554662,121.004321
14.6244322,121.0356152
14.5537339,120.9890975
14.618835,121.014309
10.296869,123.9048104
14.6234007,121.0306953
14.5632944,120.9877319
14.560069,121.0034545
14.5995124,120.9842195
6.9135694,122.079613
14.584651,120.9735279
14.5134618,121.0619686
14.577576,120.980056
14.5790182,120.979482
14.6069626,121.0290241
14.6241502,121.0437219
14.623623,121.045373
14.551419,120.991843
14.597024,120.975767
14.566681,121.030059
14.5885419,121.0435089
14.5780527,120.9787222
14.616936,120.989911
14.586736,120.972802
14.5923038,120.9717716
14.5920016,121.0016043
14.622641,121.045542
14.635555,121.0327569
14.580644,120.98886
10.334108,123.942926
14.622807,121.045942
14.5544056,121.0199366
14.6279951,121.036507
14.589204,121.060544
14.5860739,120.9825134
14.575098,120.988045
14.5290061,120.9917679
14.571824,120.9941403
14.5775873,120.9891109
14.560989,121.011377
14.66384,121.009164
14.5668242,120.9868407
14.5904164,120.9752061
14.5663693,120.9844852
14.5741924,120.9810895
14.561646,120.9952249
14.5727102,120.990605
14.570199,120.9915848
14.5786803,120.9817155
14.610026,121.051075
14.5902382,121.0343195
14.574128,120.983047
14.588264,120.976437
14.6237609,121.0340706
14.5719513,120.9840526
10.7220459,122.5600095
14.562054,121.026472
14.6221216,121.057786
14.622799,121.045393
14.6535201,121.0294859
14.6344828,121.0581953
14.578714,120.988868
14.6307232,120.9812653
10.2992762,123.9038566
14.577156,121.085547
14.5748523,120.9817116
14.5739856,120.9894237
14.5579019,121.0010945
14.643162,121.018952
14.59283,120.97578
14.562627,121.012023
14.623301,121.054251
14.6543796,121.0300608
14.578533,120.981967
14.573367,121.062563
14.5769485,120.982545
14.600047,120.979902
14.6017873,121.0959728
14.561287,121.02726
14.5709116,120.9874797
14.6086292,120.9922028
14.6060424,121.0563426
14.580313,120.9869329
14.551282,120.99133
14.7332367,121.0526207
14.6449122,121.0510969
14.566113,121.181235
14.589014,120.982352
14.6110296,120.9962387
14.5673951,120.9849893
10.7175041,122.562979
14.561801,121.025725
14.574128,120.983047
14.5525843,121.013463
14.5825344,121.0620853
14.6347052,121.0481899
16.4274789,120.6034818
14.5727102,120.990605
14.571325,120.984376
33.4387212,-112.0843681
14.5818835,120.9818513
14.638227,121.0263643
14.6350926,120.9972581
14.564881,121.0020061
14.3189715,121.1121199
14.606725,121.017404
14.5741924,120.9810895
14.5786059,120.9818669
14.551912,121.005196
14.645196,121.027509
14.5860739,120.9825134
14.5645778,120.9981245
14.5464052,120.9940739
10.305357,123.895004
14.5401251,121.0122883
14.5801898,120.989559
14.570752,120.98589
14.4701996,121.0220032
14.577883,120.978894
14.600047,120.979902
14.7510471,120.9627574
14.5768363,120.981445
14.6290289,121.034182
14.576762,120.989505
14.5657363,121.0300075
14.5721974,121.0176398
14.600047,120.979902
14.5779805,120.9797899
14.5559105,121.0157255
14.5720617,120.9896258
32.4089521,-87.0004209
14.552692,121.026279
14.572036,120.9837549
14.5769485,120.982545
14.5750062,120.9807466
14.592243,121.030283
14.5663922,120.9853949
14.5532239,121.0175175
14.5464846,120.9982299
14.565309,120.9960275
14.579463,120.9804344
14.5789534,121.1001626
14.579089,120.982696
14.5779841,120.9795836
14.579178,120.987014
14.572901,120.992662
14.551711,121.003929
14.5400763,120.9982857
14.5817869,120.986377
14.5618759,121.0020156
14.5769412,120.9894757
14.5779577,121.0514646
14.577943,120.989717
14.460445,121.045001
14.5435996,120.9993892
30.0121213,-90.1567037
14.636181,121.025224
14.6515748,120.9837584
14.5618359,120.9951197
14.5557886,120.9952802
14.5605569,121.0172374
14.5713102,121.027429
14.5825854,120.9811025
14.5825854,120.9811025
10.3338597,123.9376003
14.5534962,121.0167861
14.672557,121.0710499
14.4793095,121.0198229
14.578602,121.051544
14.570218,121.0218649
14.5632944,120.9877319
14.506488,120.994006
14.506488,120.994006
14.562146,121.010909
14.562656,121.011122
44.901342,-93.739708
31.7443672,-106.4330792
14.621121,121.022967
14.577135,120.981102
14.5169384,121.00105
14.57604,120.9841859
14.5737,120.9908137
14.55467,120.998954
14.567823,120.985948
14.5526327,121.0137671
14.585521,120.987804
14.6196051,121.0036067
14.5408105,120.9924087
14.5784744,120.981941
10.6713871,123.0555033
14.570218,121.0218649
14.6014464,121.0123672
14.4804117,121.0048727
14.623968,121.009085
14.5881624,120.9779544
14.5527402,121.017606
14.6171052,121.0010427
14.5748523,120.9817116
14.5794469,120.9786478
14.553522,120.992324
14.5787917,120.9973842
14.575821,120.993839
14.6505535,121.0179989
14.572287,120.991625
14.5819518,120.9818474
14.600047,120.979902
14.6400475,121.04313
14.6673831,121.0485599
14.6260631,121.0565286
14.5999798,120.980685
14.58241,120.985552
14.5826355,121.0134406
14.575394,120.982131
14.5742148,120.9824563
14.7646773,121.0782249
14.574128,120.983047
14.5800727,120.986429
14.621236,121.02332
14.5484123,121.0037913
42.66675,-73.01121169999999
14.564364,121.014459
14.575015,120.980793
14.596583,120.973871
14.5281372,121.042162
14.634393,121.020999
14.5773772,120.9788829
15.2229086,120.5745324
14.573954,120.983212
14.5705268,120.9845386
14.575588,120.980173
14.56962,121.028343
14.5749386,120.9806862
14.5908566,120.9661179
14.559807,121.000936
14.623141,121.029028
14.5805243,120.9816927
14.570199,120.9915848
14.571827,120.993118
14.5774944,120.9793477
14.5784744,120.981941
14.5735614,120.9924246
14.599484,121.027344
14.611801,121.07524
14.576367,120.994158
14.5727102,120.990605
6.9225575,122.0438474
14.5546348,121.0133958
14.530335,121.008082
14.5768,120.989578
14.5769485,120.982545
14.567655,120.985907
14.5886329,121.0432591
14.6240929,121.0341314
14.5860739,120.9825134
13.937889,121.613095
14.570199,120.9915848
14.5640546,120.9982411
14.5852343,120.9727227
8.483255999999999,124.638637
14.5747841,121.0584578
14.5531568,120.9919632
-0.2606844,-78.5311916
14.5256232,121.0430707
14.5706785,121.0602421
14.5627209,121.010712
14.5901173,121.0895415
14.6049904,121.0230985
14.628548,121.031532
14.579384,120.982609
14.1080813,121.1460698
14.5464501,120.9950601
14.5800727,120.986429
14.570866,120.991819
14.6512613,120.9655386
14.598602,120.979074
10.309968,123.917945
14.574128,120.983047
14.5777178,120.9798253
36.086061,-95.89746199999999
14.5677995,120.9857281
14.558918,121.009265
14.5860739,120.9825134
14.5769485,120.982545
14.537799,121.007397
14.5740779,120.9827052
14.570199,120.9915848
14.574128,120.983047
14.575394,120.982131
14.575472,120.982551
14.5783871,120.9795707
14.575145,120.9854686
14.572599,120.992872
14.6592425,120.9442801
14.5464501,120.9950601
14.5749386,120.9806862
14.562656,121.011122
14.5370941,120.990807
14.5824516,121.0615479
14.528922,120.997235
14.6332323,121.0544232
14.5805,120.989886
14.575594,120.981954
14.5694255,120.988286
14.5768,120.989578
14.7448145,120.9584809
14.5860739,120.9825134
14.5860739,120.9825134
14.571316,120.983829
14.5756102,120.993048
7.0544547,125.6011576
14.5766474,120.9922493
15.486551,120.97374
14.6163782,121.0536427
14.6329359,121.077669
14.580508,120.981051
14.5599391,121.0127682
14.554933,120.997198
14.579762,120.986545
19.3663621,-98.9920746
14.4742966,121.0208916
14.589204,121.060544
14.5532894,120.9923218
14.6228332,121.0462207
14.578036,120.978425
14.574128,120.983047
14.5768,120.989578
14.622884,121.0455789
14.589979,120.9788685
14.625217,121.120385
14.5630003,121.0125859
14.5329961,120.9951706
14.579044,120.987818
14.5528945,121.0069219
14.5886329,121.0432591
14.5825854,120.9811025
33.8113025,-84.37504679999999
14.5980597,120.9786572
14.5735149,121.0032078
14.584114,121.062705
14.5800425,120.9895769
14.567879,120.986691
8.337462799999999,123.844914
14.6274112,121.0788264
14.5584935,121.0165767
14.576064,120.991473
10.3131962,123.8950078
14.5777331,120.9789431
14.560454,121.012098
14.571827,120.993118
14.555897,121.015403
16.605903,120.3176152
14.582462,121.062021
14.611014,121.028006
14.557728,121.001441
14.5774095,120.9813475
14.5787323,120.9823891
14.6062679,121.0256366
14.546429,120.994173
14.5805136,120.9812447
15.819507,121.006482
14.5768,120.989578
14.6122845,121.0553992
14.5619957,120.9951153
14.552502,121.017008
33.4198736,-111.9295509
10.3101366,123.9544571
14.5768,120.989578
14.6352412,121.032211
14.5631463,121.0146054
14.670747,121.039279
7.0701197,125.6154361
14.57426,120.983049
14.5780527,120.9787222
14.5749386,120.9806862
14.5422799,121.0144603
10.3816491,123.6433857
14.551834,121.017867
14.5784744,120.981941
35.3008554,-2.948413
14.5858597,121.0622087
14.4493008,120.9853613
14.5672559,120.9890332
14.555245,120.996229
14.5768,120.989578
14.5605569,121.0172374
14.6423189,121.033846
14.579862,120.9884835
14.5587936,121.0031364
14.5987402,120.9806275
49.2716031,-122.7897679
14.5522942,121.0070108
14.568675,121.024044
14.559909,121.019858
14.5767457,120.9898035
14.62274,121.048508
14.554367,121.0049101
14.5801898,120.989559
14.570403,121.022484
14.5626214,121.0431844
14.5800131,120.9863042
14.6101903,121.0258115
37.09024,-95.712891
14.5709212,121.0144193
14.5753129,120.9813627
14.6737879,120.9663791
14.590373,120.978108
14.573842,120.992858
14.5744152,120.9831236
14.5548479,121.0177415
14.5615911,121.0335083
14.559632,121.020278
14.4642693,121.014812
14.5687058,121.0243181
45.5345826,-122.6674144
14.570199,120.9915848
14.5742148,120.9824563
14.6110296,120.9962387
14.566561,120.985457
14.5516392,120.9899816
14.5799572,120.9861869
14.570255,121.006844
14.5791044,120.9876208
14.5762619,121.049738
14.5789963,120.9977142
14.556535,121.017466
14.5794469,120.9786478
14.424383,121.025573
14.574128,120.983047
14.5711536,120.9845664
14.571827,120.993118
14.5780324,120.9805244
14.5734895,120.9852324
14.5662813,120.9882507
14.5776931,120.9803725
14.5745103,120.9910356
14.5750585,120.9861252
19.6595743,-99.2085164
14.5448935,121.0114017
14.623842,121.0438
14.5609265,121.0223064
14.577135,120.981102
14.5528945,121.0069219
31.312171,-85.830615
33.115432,-117.112364
10.3173501,123.9620725
14.5377512,121.0013809
10.738458,122.5625
14.5768,120.989578
14.636969,121.0011927
14.493218,120.987574
14.578036,120.978425
14.4775043,121.0333125
14.593168,120.974321
14.573525,120.9909056
14.4546106,121.0492766
14.568621,120.989844
14.5230218,120.9972455
14.5869326,120.98575
14.5763956,120.9905353
14.5738608,120.9831066
14.578496,120.990162
14.577971,120.98211
14.577971,120.98211
14.554945,121.015091
14.5784165,120.989508
14.6020839,120.9740956
14.5796518,120.9810691
14.542068,121.018542
14.5758266,120.9911194
14.5739026,120.9830178
14.572121,120.9898081
14.580568,121.059608
14.541311,120.992571
14.624166,121.042686
14.559545,121.008974
14.575108,120.980895
14.626447,121.060952
42.8073676,-9.0460525
14.561287,121.02726
14.5940477,121.002867
16.4241164,120.5929075
14.5860739,120.9825134
14.5558431,120.996404
14.5755784,120.9830743
14.579384,120.982609
14.537799,121.007397
14.596562,120.975968
13.1360293,123.7576491
14.20558,121.155786
14.5569243,121.0202656
14.593533,120.973755
14.5713984,120.9841821
14.5749386,120.9806862
14.5933007,120.9804149
14.5819822,120.9811266
14.576314,120.989906
14.5830002,120.9830017
14.5464501,120.9950601
14.588498,120.976802
19.3663621,-98.9920746
14.5558431,120.996404
14.577135,120.981102
14.5789627,120.9824987
14.6063145,120.9935953
14.580282,120.987345
14.588914,121.0638406
14.6428276,121.0379877
10.601253,122.918417
14.5722167,120.986739
14.5722167,120.986739
14.3433633,121.0511004
14.577027,120.979911
14.5284948,121.0249989
14.622807,121.045942
14.5752954,120.9824502
14.575594,120.981954
14.5703422,120.9920608
14.574151,120.982308
14.611752,121.036441
14.60139,121.046587
14.5589385,121.0092516
14.5987995,120.9795133
14.5769485,120.982545
14.572218,120.9875769
14.55445,120.997435
14.5558711,121.0042052
14.57941,120.981271
14.578701,120.981708
14.56252,120.998614
14.5697495,121.0664752
14.5651188,121.0147127
14.57426,120.983049
14.5797828,120.9774597
14.572711,120.990601
14.6168381,121.0522354
14.574128,120.983047
14.5793024,120.9787941
14.563486,121.002903
14.6030544,121.0447426
14.580508,120.981051
14.5768,120.989578
14.5769485,120.982545
29.9604605,-90.06233399999999
14.5786924,120.9808831
14.5756102,120.993048
14.579384,120.982609
14.622641,121.045542
14.6345141,121.0454205
14.5377512,121.0013809
14.572049,120.9836611
14.5742148,120.9824563
14.6205654,120.9659653
14.6152985,121.0577243
14.7092383,120.9472793
14.569043,120.9904645
14.537493,120.997812
37.710227,-97.442999
14.573701,120.990683
14.5560706,121.0059359
38.6327105,-90.312812
14.5987402,120.9806275
14.5654241,121.0452943
14.4913708,121.0371213
14.5772983,120.9789275
14.4536766,121.0457983
14.5565855,121.0160839
14.6732352,120.9817841
15.346386,120.593614
14.569899,120.992965
14.5727102,120.990605
14.574885,120.981576
14.566511,120.9857948
14.5791055,120.9800936
14.5734895,120.9852324
14.558351,121.016064
14.6127048,121.0554385
14.5797828,120.9774597
14.6775777,121.0594879
14.569195,121.016029
14.5405423,121.0120587
14.560989,121.011377
14.565846,121.023308
14.578072,120.982277
14.558085,121.019689
14.5768,120.989578
14.5156352,120.9960465
14.5860739,120.9825134
14.5908337,120.9749985
14.554093,121.022641
14.5732323,121.0476402
40.72757670000001,-74.00009500000002
14.6110296,120.9962387
14.561312,121.018468
14.587751,121.061439
14.5599282,121.0025004
14.5778903,120.9888472
14.5757363,120.980343
14.623141,121.029028
14.552754,120.991756
14.5742148,120.9824563
14.575594,120.981954
14.5779805,120.9797899
14.6580012,120.9479229
14.5751888,120.9823465
14.5620643,120.9945069
14.620847,121.046535
14.5797828,120.9774597
14.559867,121.013696
14.6909312,121.0059515
14.5758569,120.9911372
14.571252,120.9838339
14.6306487,120.9735029
14.5750999,120.9899979
14.6110296,120.9962387
14.5742148,120.9824563
41.603409,-73.123841
26.7170937,-98.45448619999999
14.537379,120.997732
14.575209,120.988427
14.5756102,120.993048
14.554044,120.991793
14.555024,120.989625
14.5928034,120.9776836
14.5774095,120.9813475
14.572287,120.991625
14.572664,120.991381
14.5748716,120.9917002
14.636735,121.027479
14.5699166,121.0292688
14.5661719,120.986188
14.593126,120.974291
14.5537727,121.0055725
14.5753697,120.9814704
15.1393003,120.586998
14.5650662,121.0005272
14.6482374,120.9864446
14.5755345,120.9899507
14.562198,120.999161
14.571251,120.983481
14.608284,121.038555
14.536434,121.003943
13.9398985,121.1597157
14.5860739,120.9825134
14.577135,120.981102
14.579378,120.981032
14.4997208,121.0180199
14.5561677,121.0153363
14.567823,120.985948
14.551938,121.019758
14.6315579,121.0487396
14.5231721,121.0004419
14.566333,121.012458
14.5706215,121.0212708
14.5834782,121.1235574
14.570244,120.984449
14.558224,121.022295
14.574151,120.982308
14.561248,121.026968
14.5803085,120.9869234
14.4623928,120.979703
14.5635155,121.0592639
14.588498,120.976802
15.7269913,120.3637277
14.5777331,120.9789431
14.5727102,120.990605
14.5572878,121.0035145
14.567655,120.985907
14.5631106,121.0146892
14.574128,120.983047
14.6008002,120.9732456
14.5783918,120.9827542
14.566511,120.9857948
29.69066759999999,-95.5890857
14.4925928,120.9913962
14.575594,120.981954
14.5580656,121.017005
14.5749386,120.9806862
14.575651,120.989748
14.5791044,120.9876208
14.579031,120.980345
14.5761101,120.9903656
14.558224,121.022295
14.574151,120.982308
14.561248,121.026968
14.5803085,120.9869234
14.4623928,120.979703
14.5635155,121.0592639
14.588498,120.976802
15.7269913,120.3637277
14.5777331,120.9789431
14.5727102,120.990605
14.5572878,121.0035145
14.567655,120.985907
14.5558142,121.0228987
14.574128,120.983047
14.6008002,120.9732456
14.578179,120.982623
14.566511,120.9857948
29.69066759999999,-95.5890857
14.4925928,120.9913962
14.575594,120.981954
14.5580656,121.017005
14.5749386,120.9806862
14.575651,120.989748
14.5791044,120.9876208
14.579031,120.980345
14.5761101,120.9903656
14.575575,120.981929
14.56291,121.013705
14.621336,121.023363
37.7212827,-97.2608339
14.5732323,121.0476402
14.559517,120.98796
10.297912,123.901717
14.5635155,121.0592639
14.581441,120.980653
14.624726,121.123013
33.7773801,-118.4042545
14.6203718,121.0178925
14.5860739,120.9825134
14.5804793,120.980417
14.116682,122.94714
14.5709633,120.9843366
14.6910538,121.0276419
14.6150451,121.0170191
14.5380424,120.9976214
14.7550222,121.045577
14.5555042,121.0022282
14.605369,121.054548
14.5595334,121.0075097
19.3663621,-98.9920746
14.565986,120.984835
36.086061,-95.89746199999999
14.5719858,120.9884387
14.5777178,120.9798253
14.5904933,120.9740263
14.5749386,120.9806862
14.4286028,121.027034
14.5987402,120.9806275
14.5805136,120.9812447
14.5769485,120.982545
14.6234068,121.0543063
14.5755429,120.9818065
14.575861,121.04933
14.563879,121.0556811
14.485867,121.028415
14.5860739,120.9825134
14.4532059,121.0331879
14.5524747,121.0154566
14.5769485,120.982545
14.5804793,120.980417
14.569978,120.984209
14.5722614,120.9913244
14.579457,120.987556
14.637786,121.026536
14.5527805,121.0177863
13.758946,121.0759475
14.572344,120.983996
14.6216549,121.0480658
16.4199414,120.5973422
14.570199,120.991585
14.6688632,120.9996034
7.069963,125.614062
14.5779765,120.9920266
14.5963103,120.9766529
14.5746039,120.9916417
14.599753,121.028091
14.624202,121.136651
14.566511,120.9857948
14.576754,120.989502
14.6281657,121.0480225
14.5701102,121.0249333
28.367565,-80.6905219
14.570199,120.991585
14.698079,120.996227
14.538528,121.017026
28.4817167,-81.45805279999999
28.4817167,-81.45805279999999
14.574128,120.983047
14.5794469,120.9786478
14.582787,120.983065
14.5797375,120.9810447
14.5755429,120.9818065
14.629866,121.043261
14.514272,121.003578
14.4581924,121.0324511
14.548848,120.991171
14.5865426,121.0466123
14.622641,121.045542
14.5784744,120.981941
14.5831566,120.9804382
14.5711536,120.9845664
14.5520595,121.0033073
14.575421,120.992649
14.5830002,120.9830017
14.562328,121.043038
14.7068178,121.069175
14.5718709,120.9838026
14.577135,120.981102
14.5768,120.989578
14.681537,121.079228
14.57426,120.983049
14.5711536,120.9845664
14.5555649,120.9970729
14.579463,120.9804344
14.5618739,121.0047936
14.5864736,121.0476645
14.5566034,121.0207745
14.5776975,120.981448
14.581188,120.980495
14.5448041,120.991619
14.5448041,120.991619
7.067611599999999,125.611299
38.1673994,-105.3190387
14.596562,120.975968
14.5748623,120.9979984
14.5694042,121.0251376
14.6515518,120.9846325
14.553946,120.998737
14.4809926,120.9927913
14.5561677,121.0153363
14.5500511,120.9927752
14.5561684,121.0020502
42.4186138,-83.59430669999999
14.559699,121.041049
14.584651,120.9735279
14.5895575,120.9757067
14.5768,120.989578
14.570095,121.024876
14.591523,120.974831
14.5742148,120.9824563
14.5532259,120.990819
29.005249,-80.87618990000001
14.5844484,121.0623113
14.561466,121.028277
14.4642693,121.014812
14.5662844,121.045711
14.5606242,121.0188615
14.5797828,120.9774597
29.4234607,-98.48707789999999
14.598707,120.980164
14.579463,120.9804344
13.2350501,123.7785973
14.575448,120.980424
14.578501,120.981922
14.570218,121.0218649
14.554729,121.0244452
14.5610756,121.026534
14.5727102,120.990605
14.6110296,120.9962387
14.5340139,121.0228934
14.5688129,120.9919428
14.5909087,120.9724921
7.0963014,125.6142051
14.5678186,121.0125646
14.5678186,121.0125646
14.5681609,121.0227604
14.5908562,120.9661209
14.5910716,120.9701732
14.5592063,121.0175979
14.579792,120.9779077
10.7003503,122.5580679
14.5625341,121.0232069
14.5650083,121.013714
14.624198,121.051292
8.477193999999999,124.644213
14.5860739,120.9825134
14.5571158,121.0081041
14.5789226,120.9808224
14.5798609,120.988221
14.6326917,121.0455591
16.039477,120.336194
14.572827,120.994458
14.5768,120.989578
14.6179529,121.0061203
14.6179529,121.0061203
14.5769485,120.982545
14.5777331,120.9789431
-6.774788999999999,-79.8346715
14.5610756,121.026534
14.5784744,120.981941
40.672542,-73.8296269
30.2400011,-89.55473839999999
14.5761,121.050514
14.5550554,121.0161624
14.578883,120.987654
14.5079014,120.99443
14.562258,121.0261396
14.571353,120.992128
14.5819671,120.9858127
44.1687496,-87.676937
14.5784744,120.981941
14.6235862,121.0541546
14.5508238,121.0438233
16.414623,120.5907412
10.3402623,123.9415518
13.758946,121.0759475
8.948092299999999,125.5381232
14.5574149,121.0399602
30.3045813,-81.6546193
14.615515,121.057582
14.5750571,120.9804824
14.6187701,121.0920671
14.5931358,120.9732021
14.5590187,121.0215494
14.6543796,121.0300608
13.758946,121.0759475
8.948092299999999,125.5381232
14.5574149,121.0399602
30.3045813,-81.6546193
14.615515,121.057582
14.5750571,120.9804824
14.6187701,121.0920671
14.5931358,120.9732021
14.5590187,121.0215494
14.6543796,121.0300608
14.5614596,121.0294902
14.5795273,120.9810424
14.574127,120.992869
14.5738709,121.0429164
14.442437,120.992089
14.5620067,120.9960575
14.5777178,120.9798253
14.573821,120.9922794
14.5802685,120.9790729
14.556255,121.018409
14.430275,121.015452
14.578537,120.980966
14.572079,120.988467
14.574128,120.983047
14.5770263,120.979675
14.623839,121.045686
14.6440203,121.0537836
14.5553055,121.0193095
14.6237432,121.0317049
14.572036,120.9837549
7.118904199999999,125.6270997
14.5778953,120.9919787
14.5250975,120.9926561
14.5615202,121.0044884
14.5769485,120.982545
14.566947,121.02993
14.6760413,121.0437003
14.5804262,120.9798736
14.5596917,120.991308
14.5860743,120.9825154
14.5790148,120.9926248
14.5795965,120.9808658
14.5860739,120.9825134
14.574128,120.983047
14.56242,121.0243982
14.551464,121.016268
14.594605,120.97659
14.6119904,121.0580059
14.5400763,120.9982857
14.6348344,121.0231421
14.5876823,121.02485
14.574128,120.983047
14.633252,120.993904
14.577354,121.057715
14.5749386,120.9806862
14.602298,121.013814
14.631241,120.999139
14.5739026,120.9830178
14.570199,120.9915848
14.578049,120.979852
14.5718709,120.9838026
14.5818011,121.0602962
14.5715141,120.9843385
14.578072,120.982277
14.5441934,120.9944314
14.600985,121.013271
14.5699186,120.9830118
14.5756073,120.9827653
14.528817,121.004693
14.5769485,120.982545
14.57426,120.983049
14.555218,121.020765
14.556537,121.017518
14.590296,120.974187
14.5987402,120.9806275
14.624357,121.056461
14.5727102,120.990605
14.5796518,120.9810691
14.553847,121.015316
14.5933447,120.9741031
14.57426,120.983049
14.5612401,120.9939688
14.559853,121.0507916
14.584642,121.062674
41.3968095,-81.48419229999999
14.562401,121.024616
14.570218,121.0218649
14.5770263,120.979675
14.554729,121.0244452
14.5982051,120.9786247
14.5778953,120.9919787
