14.5598463,120.9925322,False
14.564364,121.014459,True
14.557193,121.016929,True
14.5780333,121.0594431,False
14.581805,121.060435,False
14.572085,120.984374,True
14.573423,120.995103,True
14.5538492,121.0061029,False
14.615451,121.0585942,False
14.552874,121.001869,False
14.6090537,121.0222565,True
14.6163986,120.9584279,True
14.5852343,120.9727227,False
14.575486,120.98777,False
14.593168,120.974321,True
14.5729762,120.9925836,True
14.5570185,121.0156073,True
14.6316246,121.0487181,True
14.578535,120.98306,True
14.5588176,120.9901293,True
14.622694,121.070261,False
14.5750774,120.9906714,True
14.5576121,121.0134854,True
14.5865183,121.0613688,True
14.559526,121.019701,False
14.606427,121.010724,True
10.316443,123.886685,True
14.5638626,121.0145136,True
14.5986094,120.9818999,True
14.5698071,120.9861984,True
14.5830002,120.9830017,True
14.5742258,120.9930127,True
14.5560394,121.0176071,False
10.7165728,122.5589725,True
14.63443,121.020991,True
14.5526363,121.0154566,True
33.9308396,-84.2632321,True
14.580622,120.979318,False
14.6433729,121.0512967,True
14.5755569,120.9803188,False
14.577813,120.992035,False
14.569864,120.995454,True
14.671672,121.025557,False
14.6138589,121.0515586,True
14.5761099,120.981906,False
14.541639,121.016535,True
14.531651,121.0231889,False
14.5776975,120.981448,True
14.5692376,120.9957115,False
14.5453701,121.0137311,True
14.6084687,120.993435,True
14.5741924,120.9810895,False
14.610915,120.994009,True
14.5698071,120.9861984,False
14.5685317,121.0281027,True
14.5476656,120.998546,False
14.562152,121.01211,True
14.4276994,121.0248869,True
14.605194,121.042452,True
14.5572911,121.0334124,True
14.628383,121.037403,True
14.423619,121.023639,True
14.5944336,120.9746164,True
14.577676,120.97905,True
14.5616351,120.9957281,True
14.559866,121.0008988,True
14.6702973,121.0327709,True
10.309939,123.894109,True
14.5562469,121.0156358,True
14.561138,121.013752,True
14.5464501,120.9950601,True
14.5785865,120.9902349,False
14.5995124,120.9842195,True
14.579506,121.046856,True
14.561248,120.995676,False
14.570938,120.984576,False
14.557312,121.005971,False
14.574128,120.983047,True
14.552787,121.007184,True
14.604722,121.057435,True
14.575394,120.982131,True
14.5611631,120.9932398,False
14.575066,120.987196,False
14.5793937,120.9907723,True
14.557674,121.003542,True
14.571371,120.983888,True
14.5766889,120.981566,False
14.5740758,121.0839726,True
14.5274791,120.9937608,True
14.5385141,120.9957053,False
14.382169,121.0465316,True
14.573292,120.991007,True
14.637621,120.999994,True
14.5688129,120.9919428,True
14.565887,121.009649,True
14.5546529,121.0043032,True
14.6482581,121.0283723,True
14.5769485,120.982545,False
14.5709553,120.984314,False
14.555957,121.003341,False
14.573165,120.981932,False
14.575394,120.982131,True
14.645719,120.968085,True
14.574489,120.983955,True
14.5600799,121.0129666,True
14.584651,120.9735279,False
14.5886329,121.0432591,False
14.5523349,121.0175175,True
14.575019,120.98079,True
14.5714867,120.987963,False
14.635437,121.008564,True
14.6183033,121.0519418,True
14.566143,121.012462,True
14.571945,120.993227,True
14.564543,121.015305,True
14.575486,120.98777,False
14.580859,120.979951,True
14.581229,120.980412,True
14.5830002,120.9830017,True
14.5743521,120.9855427,True
14.5762115,120.9907538,True
14.632813,121.043315,True
14.553609,121.0035637,False
14.559517,120.98796,False
14.5760162,120.9807776,True
14.5538492,121.0061029,True
10.308867,123.904125,True
14.5755784,120.9830743,True
14.570239,121.1311385,True
14.5762619,121.049738,True
14.5713984,120.9841821,True
14.6576185,121.0228934,False
14.5389602,121.0189143,False
14.577644,120.980339,True
41.30651599999999,-81.8334893,True
14.555505,121.004042,False
10.3191876,123.9012913,True
14.6102318,120.9942864,False
14.5631106,121.0146892,True
14.5753976,120.9926626,False
14.556291,121.015677,True
14.5820086,121.1032678,True
14.58327,121.0535911,False
14.5555392,121.0171591,False
14.6555957,121.0291817,True
14.5528223,120.9908877,False
14.575394,120.982131,True
14.569974,120.984922,True
14.581724,121.060237,True
14.6243687,121.0642627,True
14.5736761,120.9927673,False
14.5736761,120.9927673,True
14.616964,121.0011699,True
14.6406688,121.0187671,True
14.589625,121.060972,False
16.4173624,120.5890599,False
14.5749386,120.9806863,True
14.5639241,121.002522,True
14.569243,121.0161685,True
15.163515,120.576131,True
14.6044865,120.9678192,False
14.555897,121.015403,False
14.555897,121.015403,False
14.5547295,121.0244446,False
14.5906294,121.0341717,True
14.5519039,121.0051234,True
14.5935883,121.0572486,False
14.621231,120.96537,True
14.5398391,120.9813802,False
14.5895984,120.9973902,True
14.5818835,120.9818513,True
14.5973287,120.9785351,True
14.5685317,121.0281027,True
14.6148497,121.0185933,True
14.67166,121.0409456,True
14.555218,121.020765,True
15.312163,120.9474806,True
14.5973287,120.9785351,True
14.5784165,120.989508,False
14.5755569,120.9803188,False
14.585859,121.048451,True
14.579972,120.979744,True
14.559898,121.001973,False
14.586283,121.062791,True
14.576754,120.989508,True
14.591304,120.974205,False
14.568479,120.9871952,True
14.553522,120.992324,False
14.5581932,121.032658,False
14.6112551,121.0539234,False
14.5787254,120.9903778,True
14.5716425,120.9847391,False
14.569428,120.991723,True
14.5771834,121.0109356,True
14.5579033,121.0039968,True
14.5717816,120.9839182,False
14.5615402,121.028336,False
14.564364,121.014459,True
14.667368,121.052489,True
14.667368,121.052489,False
14.5833705,121.0513049,False
14.626321,121.071917,True
14.5525843,121.013463,True
14.5548173,121.0202837,False
14.6909548,120.9732872,True
14.6165943,121.0772247,True
14.64482,121.017028,True
14.5627548,121.0118978,True
14.5777143,120.9884048,True
14.588131,120.978325,True
14.5507978,120.9870523,True
14.584757,120.991116,True
14.5612403,121.0179655,False
14.5809822,120.9764328,False
14.580351,120.9880953,False
14.545296,120.9941545,True
14.5624677,121.0298634,True
14.5519936,121.0155686,True
14.5762682,121.0392456,False
14.571349,121.02741,True
14.566849,121.007886,True
14.558085,121.019689,True
14.5793048,120.9873184,True
14.571852,120.982226,True
14.571852,120.982226,False
14.5673951,120.9849893,True
14.5857307,121.0099359,True
14.5577105,121.0336869,True
14.5577105,121.0336869,False
14.6158513,120.997479,True
14.6524317,121.0219874,True
14.5481929,120.9932419,False
14.572604,120.98528,True
14.569433,120.991723,True
10.3136747,123.9022888,False
14.5991099,121.0333303,True
14.5832564,120.9870505,True
14.642104,121.033687,True
14.6422071,121.0336444,True
14.5557256,121.0180413,True
10.303804,123.9113599,False
14.559909,121.019858,True
14.576266,120.982606,True
14.566849,121.007886,True
14.5762115,120.9907538,True
14.575588,120.980173,True
14.574209,121.033782,False
14.57314,120.98149,True
14.5709142,120.9879606,False
14.57225,120.987796,False
14.590491,120.974029,True
14.5698422,121.0239005,True
14.6356317,121.0321992,True
14.5794469,120.9786478,True
14.5655031,121.0138442,False
14.5500149,121.0105534,False
14.589625,121.060972,False
14.572848,120.993921,True
14.5464501,120.9950601,True
14.5761099,120.981906,True
14.5761099,120.981906,True
14.561144,120.994017,True
14.7031002,121.0559998,True
14.444546,120.9938736,False
14.623141,121.029028,True
14.580627,121.009643,False
14.541323,121.014694,False
14.531479,120.987658,False
14.5561311,121.0236101,True
14.5747789,120.9902087,True
14.583459,121.051406,True
14.597024,120.975767,True
14.5755429,120.9818065,False
14.561319,121.0239481,False
14.5769485,120.982545,True
14.5776571,120.978747,True
14.6885555,121.0308672,False
14.568429,120.984465,False
14.5795363,120.9779973,False
14.634765,121.034659,True
14.567879,120.986691,True
14.5928157,120.9757949,False
14.6023936,120.9591289,True
14.704529,121.0192588,False
14.5823098,120.9948907,True
14.439771,120.977883,False
14.5640161,120.9984133,False
14.579373,120.980997,True
14.5696701,120.9848887,True
14.5788958,120.9872409,True
14.56036,121.0128456,True
14.554688,121.02061,True
14.6482581,121.0283723,True
14.579463,120.9804344,True
14.6238177,121.0312018,True
14.5666018,120.9844663,False
14.575838,120.98807,False
14.592285,120.971727,False
14.613593,120.99255,True
14.5505684,120.9953347,True
14.5757363,120.980343,True
14.4751492,121.0240094,True
14.6153148,121.0655955,True
14.5623872,120.9986992,False
14.569428,120.991728,False
14.581805,121.060435,False
14.640366,120.994739,False
14.5504434,121.0101413,False
14.5787318,120.9880578,True
14.5745171,120.9920393,True
14.612997,121.033681,True
14.5795758,120.9802704,True
14.5747804,120.9972775,True
14.6225076,121.0266456,True
14.6439846,120.9838325,True
14.6404262,120.9756914,True
14.5400585,121.0040623,True
14.569112,120.986901,True
14.565415,121.002758,True
14.590712,121.08765,True
14.574285,120.983065,False
14.5683248,121.0152115,True
14.5535297,121.0137476,False
14.55278,120.99479,True
14.6655566,121.0298473,True
14.626765,121.070353,True
14.5779765,120.9920266,True
14.556941,121.015485,True
14.5666159,120.9857258,False
14.579952,121.020857,True
14.5524568,121.006858,False
14.5617465,121.0226311,True
14.5565748,121.0214233,True
14.556718,120.996349,False
14.5560394,121.0176071,False
14.5560372,121.0170695,False
14.6172487,121.0014927,False
14.645711,121.036159,True
14.5784879,120.9818262,True
14.5706778,121.0260412,True
14.629628,121.0419232,True
14.5792922,120.9801364,False
14.5732501,120.9925905,True
14.5742414,120.9922252,True
14.5644942,121.0310295,True
14.571773,120.992626,False
14.571876,120.991602,False
14.571876,120.991602,True
14.5931358,120.9732021,True
14.6096157,120.9928177,True
14.573585,120.9898158,True
14.6061495,121.0412899,True
14.5555649,120.9970729,True
14.5691062,121.0257189,False
14.585859,121.048451,True
14.574059,120.992042,False
14.5873731,120.9722147,False
14.5741924,120.9810895,True
14.6192726,121.0256026,True
14.5711736,120.9839145,False
14.5430984,121.0028051,True
18.356968,121.6397821,True
14.5628831,121.0111557,True
14.622031,121.096181,True
15.3329773,119.975756,True
14.557796,121.011106,True
14.5800869,120.9784117,True
14.5792728,120.9818135,True
14.5898343,120.9750395,True
14.551834,121.017867,True
14.581188,120.980495,False
14.5555392,121.0171591,True
14.569328,121.024113,True
10.3315279,123.9080036,False
14.559945,121.003455,True
14.574128,120.983047,False
14.6171052,121.0010427,True
14.623521,121.048497,True
14.657502,120.996657,True
14.5553543,121.0008731,False
14.5393545,121.0115156,False
14.5833206,121.0512238,False
14.5583752,121.0221226,True
14.5662771,121.0139466,True
14.635491,121.032937,True
14.5584675,121.0047951,True
14.587675,121.045801,True
14.5541632,120.997194,True
14.5714288,120.9833847,False
14.672801,121.078932,True
14.5794469,120.9786478,True
14.5575185,121.015172,False
14.6352072,121.0240581,True
14.5340139,121.0228934,True
14.5751247,120.9898224,True
14.601149,120.970418,True
14.635336,121.032419,True
14.6171343,121.0391988,True
14.5769485,120.982545,False
14.56839,121.022796,True
10.2944289,123.905657,False
10.2944289,123.905657,True
10.3125024,123.8969764,True
14.5934916,120.9775238,True
14.5848141,120.9917562,True
14.5525991,121.0051027,False
14.568429,120.984465,False
10.7309209,122.5773228,True
14.5769485,120.982545,True
14.575588,120.980173,True
14.575588,120.980173,True
14.5809822,120.9764328,False
14.5712036,120.9912623,True
14.63165,121.048556,True
14.5771897,120.9905975,True
14.579285,120.980367,True
14.579285,120.980367,True
14.5925654,120.9724628,True
14.5925654,120.9724628,False
14.5931358,120.9732021,True
14.593126,120.974291,True
16.6118484,120.3120089,True
14.581669,121.129348,True
14.5817472,121.0766731,False
14.6219111,121.0475394,False
14.5324638,121.0692796,False
14.5498484,121.0063003,True
14.554652,121.015651,False
14.5755861,120.9944152,False
14.558578,121.02602,False
14.572005,120.992398,False
14.5697832,121.0217119,True
14.563476,121.006413,True
14.553803,121.015369,True
14.5324235,121.0692447,False
14.571288,120.983813,False
14.616739,120.988174,True
14.5401512,121.0200663,False
14.5850241,120.973852,False
14.6328341,121.0193252,True
14.551982,121.006553,True
14.5627442,121.0303296,True
14.590417,121.005956,True
14.5760416,120.9912733,False
14.553199,121.073569,True
14.6171926,121.0053601,True
14.602697,121.005399,True
14.572995,120.991585,True
14.612941,120.9900967,True
14.5622651,120.999209,False
14.6232986,121.0451112,False
14.5771016,120.9906335,False
13.781153,121.03454,True
14.572604,120.98528,True
14.5290061,120.9917679,False
14.5886329,121.0432591,True
14.580758,120.97976,True
14.6366144,121.0152703,True
14.5677854,120.9962558,True
10.3091042,123.8952266,True
14.573925,121.036399,True
14.557884,121.001652,True
14.5647905,120.9863578,True
14.5896472,121.0704491,True
14.5755569,120.9803188,False
14.531651,121.0231889,False
14.5632944,120.9877319,True
14.5405822,121.0131942,False
14.5702822,120.9927629,True
14.556949,121.02023,True
14.575299,120.988375,False
14.439304,121.002944,True
14.5650154,120.9868702,False
14.5656512,121.0007497,True
14.620072,121.051346,True
14.5523349,121.0175175,True
14.651391,120.9885277,True
14.5655211,121.0083482,True
14.611026,120.995824,True
14.5631463,121.0146054,True
14.5769485,120.982545,True
14.426585,121.025245,True
14.7135606,121.0661011,True
14.567715,120.986707,False
14.545296,120.9941545,True
14.578695,121.029206,False
14.5570185,121.0156073,False
14.5794573,120.9965651,True
14.632901,121.035046,True
14.5769485,120.982545,False
14.5549756,121.0029043,False
14.5778363,120.9803885,True
14.5744015,120.9843752,True
14.57426,120.983049,False
14.5582897,121.016238,True
14.5818486,120.9974493,True
14.587142,120.972497,True
14.5873603,120.9728649,True
14.568762,120.986806,False
10.3173803,123.9076538,False
14.5819674,120.9810867,False
14.579321,120.9787839,False
14.5819674,120.9810867,True
14.643038,121.031883,True
14.6247605,120.9983514,True
14.619449,121.0380874,True
14.5560394,121.0176071,False
14.6100596,121.0992787,True
14.5720617,120.9896258,True
14.570684,120.992642,True
14.570938,120.984576,True
38.9035745,-77.03343989999999,True
14.570218,121.0218649,True
14.5616351,120.9957281,True
14.5570185,121.0156073,True
14.5799546,120.9887785,False
14.569301,120.999909,False
14.56852,120.984757,True
14.602953,121.045574,True
14.572769,120.986514,True
14.577879,120.992056,False
14.595266,121.05876,False
14.5670067,121.0004282,True
14.5532776,121.0061902,True
14.589108,120.977904,True
14.5778953,120.9919787,True
15.977564,120.570767,False
14.565759,121.007397,True
14.55537,121.002366,False
14.5784744,120.981941,True
14.6359904,121.0237682,True
14.6359904,121.0237682,True
14.57426,120.983049,True
14.5749386,120.9806862,False
14.575588,120.980173,True
14.5743933,120.9832146,True
14.5548173,121.0202837,False
14.574231,120.981693,False
14.562935,121.0283362,True
14.597811,120.97526,True
14.5776975,120.981448,True
14.584905,121.055249,False
14.6151318,121.0470954,True
14.570209,121.023089,True
14.6370957,120.9754947,False
14.5464501,120.9950601,True
14.554075,120.991613,True
14.56261,121.0109802,True
14.575575,120.981929,False
14.578381,120.979577,False
14.5749839,120.9944248,True
14.4790582,120.9968646,True
14.66181,120.945933,True
14.5709552,120.9843165,False
14.582809,121.028341,False
14.5689753,120.9919692,False
14.580951,120.979898,True
14.6333332,121.0333328,True
14.4503466,121.0348136,True
14.5563673,121.0031058,False
14.6206128,120.9827816,True
14.627303,121.0336699,False
14.559164,121.009748,True
14.6231293,121.00277,True
14.5405423,121.0120587,True
14.580023,120.987907,False
14.5775873,120.9891109,True
14.5709633,120.9843366,True
14.5799471,120.9814267,True
14.5739478,120.9818052,False
14.5375053,121.0200681,False
14.4742966,121.0208916,True
14.467558,121.015533,True
14.2863994,121.109463,False
14.55537,121.002366,False
14.55933,120.988164,True
14.5729191,120.9952064,False
14.6988358,121.0655434,True
14.5738528,120.9906846,True
14.6423842,120.9946616,True
14.64603,121.078776,True
14.5643982,121.0007646,True
14.579363,120.980989,True
14.577795,120.991973,True
14.575588,120.980173,True
14.574725,120.990235,False
14.5909285,120.9851843,True
14.618054,121.060247,True
14.5724157,120.9901035,True
8.0613752,123.749597,True
14.5780527,120.9787222,True
14.6371955,121.0481198,False
10.644412,122.936236,True
14.5650083,121.013714,True
14.5530559,121.0051855,False
14.5528945,121.0069219,False
14.575394,120.982131,True
14.5889307,121.095581,False
14.5844864,121.0494642,True
14.6014554,120.9818424,True
14.596749,121.054316,True
14.6202594,121.0195204,True
14.6202594,121.0195204,True
14.5575185,121.015172,True
18.46915,-69.93710899999999,True
14.566774,120.985906,False
14.566754,120.999566,False
14.5264803,120.9938235,True
14.5873604,120.9728622,False
14.5722482,120.991326,False
14.5769485,120.982545,True
14.580766,120.990404,True
14.558132,121.021903,False
14.570218,121.0218649,True
14.6019983,120.9739279,True
14.5742414,120.9922252,True
14.55941,121.030252,True
14.6042597,121.082633,False
14.497556,121.0502102,True
14.5542918,121.0067442,True
14.5779183,121.0394646,True
14.5600894,121.0036384,True
14.574473,120.988391,False
14.5800425,120.9895769,True
14.579312,120.990584,True
14.7480122,121.073986,True
14.6423231,121.0361529,True
14.5640727,121.0026032,True
14.57948,120.977879,True
14.6225114,121.0266571,True
14.5689116,120.9921495,True
14.5736262,120.9916329,False
14.580784,120.979685,True
14.5725465,120.9934367,False
14.572841,120.9897011,True
14.5790126,120.9874535,True
14.5563703,121.0178311,False
14.559081,121.017166,True
14.5779765,120.9920266,True
14.59673,120.977312,True
14.570926,120.984293,True
14.5741924,120.9810895,True
14.5709737,120.992327,False
14.551374,121.01672,True
14.5791187,121.0030895,True
14.5631463,121.0146054,True
14.5860739,120.9825134,True
14.5575185,121.015172,True
14.5709142,120.9879606,True
14.7046809,121.056443,True
14.692105,121.026276,True
14.6113362,121.0085657,True
14.6062512,121.0818443,True
14.5685936,120.9936895,False
14.5846492,120.9912619,True
14.5650661,121.0085979,True
14.6593868,121.0333553,False
14.5610756,121.026534,True
14.5519936,121.0155686,True
14.579228,120.978553,True
14.553512,121.016958,True
14.5600044,121.0047264,False
14.5774948,120.9802091,True
14.5560205,121.0148292,True
14.67673,121.031532,True
14.557998,121.02408,False
14.579903,120.9898341,False
14.5560205,121.0148292,True
14.5385141,120.9957053,True
14.567306,121.097246,False
14.5789528,120.9878103,True
14.5727102,120.990605,False
14.580634,121.006897,True
10.333902,123.93424,False
14.6030657,121.0236308,True
14.5720629,120.9915087,False
14.562627,121.012023,True
10.311692,123.894274,True
14.5576121,121.0134854,True
14.5795965,120.9808658,False
14.5672708,121.029629,False
10.3141435,123.8913202,True
14.574357,121.046593,True
14.5604928,121.0028426,True
14.6543253,121.0297643,False
14.6017787,121.0065288,True
14.6333348,121.0221328,True
14.7135606,121.0661011,True
14.5783871,120.9795707,False
14.5795363,120.9779973,False
14.5718709,120.9838026,False
14.553609,121.0035637,False
14.619762,121.046276,True
14.5625952,121.0120352,True
14.58955,121.0987906,True
14.573851,120.992119,True
14.5792521,120.9893541,True
16.4591444,120.5880831,False
14.567568,120.986933,False
14.6438353,121.0358446,True
14.576495,120.992821,False
14.5365614,120.9959288,True
14.627094,121.033474,True
14.5931358,120.9732021,True
14.635779,121.023468,True
14.607372,120.990914,True
14.573238,121.041596,True
14.699575,121.024784,True
14.583818,120.989738,True
14.5524747,121.0154566,True
14.600047,120.979902,True
14.5765845,120.9896412,True
14.562627,121.012023,False
10.3202953,123.9030777,False
14.568761,120.992048,True
14.570218,121.0218649,True
14.5867445,121.0617218,False
14.5568984,121.0155801,True
14.6531611,121.0650968,True
14.5758081,120.994173,True
14.4229254,121.0398979,False
14.5755569,120.9803188,True
14.545296,120.9941545,False
14.557884,121.001652,False
14.537708,121.019905,True
14.5793,121.0591919,False
14.60304,121.087617,True
14.5442472,121.0166888,True
14.5715049,121.0088699,False
14.5513128,121.0178759,True
14.566725,120.986359,True
14.3685562,121.0490692,True
14.584521,121.050085,True
14.562868,121.0263507,True
14.6158513,120.997479,True
14.5713826,121.0314943,True
14.6312111,121.0609698,True
14.584651,120.9735279,True
14.6413394,121.0354604,True
14.576757,120.989508,True
14.5755569,120.9803188,False
10.2091308,123.7595272,True
14.5401254,121.0122904,True
14.6018294,121.0134854,True
14.5852343,120.9727227,False
10.6971899,122.5689626,True
14.5107,121.0423665,True
14.571663,120.994514,False
14.5589798,121.0215547,False
14.557226,121.014516,True
14.5906853,120.9981429,True
14.605369,121.054548,True
14.567131,120.987629,True
14.591523,120.974831,False
14.6644562,121.0441078,True
14.5636004,121.0140294,True
14.5776444,121.0447558,True
14.5746709,120.9887892,True
14.5387,121.008236,True
14.4427576,120.9557301,False
14.583818,120.989738,True
14.581188,120.980495,False
14.622431,121.045971,True
14.5677372,120.9962308,False
14.5758702,120.9895878,False
14.6529828,120.9838166,True
14.5727102,120.990605,True
15.4810057,120.9583031,True
14.5549342,121.0174279,True
14.6158211,120.9928981,True
14.6158211,120.9928981,False
14.5793171,120.9919357,False
14.6240449,121.0320604,True
14.5735488,120.9908131,False
14.5724249,120.9921066,False
14.641817,120.955674,True
14.57197,121.009577,True
14.5652218,121.0297339,True
14.5591324,121.009722,True
14.5612345,121.0138796,False
14.5789964,120.9895026,True
14.4463658,120.9920171,True
14.575594,120.981954,False
10.308334,123.894267,True
14.5747804,120.9972775,True
14.5674437,121.0133178,True
14.5776975,120.981448,True
14.5922003,120.9899979,False
14.5769485,120.982545,True
14.605584,121.048935,True
14.569963,120.993099,False
14.569842,121.024363,True
14.60139,121.046587,True
14.60139,121.046587,True
14.5791636,120.9828343,True
14.425444,121.045055,True
14.5768,120.989578,False
14.5769485,120.982545,True
14.5755429,120.9818065,False
14.5580552,121.0034574,True
14.558049,121.0182343,True
14.562496,121.030661,True
14.577895,120.987557,True
14.5852343,120.9727227,False
14.5535254,121.0190413,True
14.5806847,120.9913422,True
14.5780527,120.9787222,True
14.5783871,120.9795707,False
14.579862,120.9884835,True
14.562515,121.001793,False
14.634898,121.059957,True
14.53857,121.0190855,False
14.682404,121.031709,False
14.5795363,120.9779973,False
14.5789986,121.0026245,True
14.5776624,120.9789696,True
14.5780874,121.0650612,True
14.6107109,121.0418393,True
14.5780401,120.9825111,False
14.56387,120.998447,True
14.5877774,121.061324,False
14.554754,121.0178311,True
14.530804,121.003932,True
14.578489,120.979737,False
14.5534845,121.0132587,False
14.5661371,121.0116382,True
14.5786825,120.9806621,False
14.521204,121.062172,False
14.589622,121.05996,False
14.5713725,120.9850717,False
14.5793263,121.0583979,True
14.5560482,121.0216945,False
14.5805136,120.9812447,True
10.3183076,123.8930006,True
14.5778052,120.9816304,False
14.567601,120.993357,False
14.545813,120.9917419,False
14.589625,121.060972,True
14.6047473,121.0530835,False
14.5524747,121.0154566,True
14.5709142,120.9879606,False
14.6475,121.028514,True
14.5811745,120.9804261,False
14.579954,120.998915,True
14.5784486,120.9879841,True
14.5783871,120.9795707,False
14.6058125,120.9856536,True
14.5796518,120.9810691,True
14.7301734,121.04398,False
14.5698127,120.991684,False
14.576472,121.049014,True
14.576472,121.049014,True
14.573059,120.98368,True
14.5728208,120.9854587,True
14.570218,121.0218649,True
14.626021,121.058953,True
14.540084,121.01508,True
14.580634,121.006897,True
14.5755569,120.9803188,False
14.5773275,120.9911523,True
14.5941606,120.9915714,True
14.575015,120.98079,True
14.6357651,121.0182037,True
14.566725,120.986359,False
14.5931358,120.9732021,True
43.66028,-79.3535681,False
14.599736,121.048625,True
14.661374,121.068527,False
14.5761101,120.9903656,False
14.586379,121.061375,False
14.5584002,120.9960022,False
14.557587,121.010595,True
14.584796,120.991243,True
14.580859,120.987915,False
14.557903,121.032934,True
14.58274,120.983057,False
14.578489,120.979737,True
14.559242,121.011183,True
14.5883287,121.0441028,True
14.5777331,120.9789431,True
14.5745921,120.9885303,False
14.579095,121.00266,True
14.57266,120.991358,False
14.572928,121.0018689,True
14.622877,121.045254,False
14.5558126,121.0220085,True
14.5393347,120.9824347,False
14.5715857,120.988576,True
14.571883,121.025666,True
14.5679101,120.9943289,True
14.5595269,120.9881204,True
14.5749908,120.9806954,True
14.6056921,121.0814706,False
14.55237,121.017684,True
14.579311,120.978924,True
14.5780375,120.9899097,True
14.5641827,120.9987402,False
14.5787963,120.9885833,True
14.5753129,120.9813627,False
14.5752954,120.9824502,True
14.5719125,120.9822017,False
14.56195,120.999271,True
14.56195,120.999271,True
14.572478,121.060602,True
14.5783871,120.9795707,True
14.572731,120.989953,False
14.576495,120.992821,False
14.6379636,121.0044799,True
14.6298372,121.0701042,True
14.5598371,121.0136801,False
14.554768,121.003094,False
14.5744194,120.9844179,True
14.7148718,120.9580308,True
14.557755,121.003424,False
14.6738182,121.109824,False
14.5854553,121.0601302,False
14.604952,121.042138,False
14.5721792,120.9839833,True
14.571251,120.983481,True
14.5581835,120.9976168,True
14.584796,120.991243,False
14.56821,120.98708,True
14.5709633,120.9843366,True
14.5709633,120.9843366,True
14.575015,120.980793,True
14.5726435,120.9943282,True
14.553716,121.02146,False
14.5717681,120.9910211,True
14.5574661,121.0401266,True
14.5884759,121.0633192,True
14.560934,121.0063841,False
14.5565637,121.0063461,True
14.5601484,121.0246882,False
14.6245931,121.047256,False
14.5752954,120.9824502,True
14.574128,120.983047,True
14.57699,120.996527,False
14.5599735,120.989213,True
14.5657396,120.9844589,True
14.5674851,120.985015,True
7.1210027,125.6543717,True
14.6225465,121.0267654,True
14.575417,120.987866,False
14.5830002,120.9830017,False
14.576525,120.9896693,True
16.3882868,120.5752758,True
14.5535704,121.003539,False
14.6014781,121.0063247,True
14.599778,121.079885,True
14.5769485,120.982545,True
10.3133,123.913,False
14.5904195,121.0339711,True
14.6535201,121.0294859,False
14.558101,121.021978,False
14.6056921,121.0814706,True
14.6338651,121.056599,True
14.5869748,121.0228293,True
14.628604,121.059482,True
14.560437,121.025411,False
14.5648555,121.0033999,True
14.5556746,121.0173383,True
14.6074523,121.1136216,False
14.575588,120.980173,False
14.5755569,120.9803188,False
14.5860807,121.0620872,False
14.603133,121.004857,True
14.563424,121.011302,True
14.57345,120.9940239,True
14.6160772,121.0382292,False
14.6085585,120.979184,True
14.671655,121.018666,False
14.554515,121.004514,True
14.578681,120.989912,False
14.6238604,121.038438,True
14.577813,120.992035,False
14.5609372,121.0254314,False
14.5616821,121.0257156,False
14.5568339,121.015194,True
14.459021,121.031536,True
14.5981567,120.9915052,True
14.5769485,120.982545,True
14.582743,120.985766,True
14.5889053,120.9753113,False
14.5860739,120.9825134,True
14.632813,121.043315,True
14.5442755,121.0135807,False
14.5575185,121.015172,False
14.5711231,121.0198231,False
10.30506,123.9001454,True
14.578678,120.987161,True
14.5830002,120.9830017,False
14.56211,121.001197,True
14.574128,120.983047,True
14.559909,121.019858,False
14.6232986,121.0451112,True
14.5780527,120.9787222,True
14.5815381,121.0135212,False
14.5883478,121.0633083,False
14.5874557,121.0614034,True
14.5793938,120.9789573,True
14.617743,121.058678,True
14.62475,121.044652,True
14.6438353,121.0358446,True
14.5874557,121.0614034,True
14.557247,121.019847,True
14.6358503,121.0246575,False
14.5673951,120.9849893,True
14.56783,120.985526,True
14.571945,120.993227,True
14.582842,121.061801,True
14.6219111,121.0475394,True
14.5865183,121.0613688,False
14.603986,121.051912,True
14.5736857,120.989759,True
14.5532705,120.9979453,True
14.5533116,121.0066107,True
14.5576121,121.0134854,True
14.576866,121.049406,True
14.541619,120.992432,True
14.579796,120.981166,False
14.553837,120.997495,False
14.5761829,121.0372055,False
14.5732501,120.9925905,False
14.562715,121.026372,True
14.578714,120.9796597,False
10.7180765,122.5423428,True
7.0607538,125.6015936,True
14.6000821,121.1006262,True
14.5707054,120.9841222,True
14.5637663,121.0118965,True
14.565205,121.013203,False
14.5780527,120.9787222,True
14.554254,120.9978509,True
14.58072,120.979736,False
14.5464501,120.9950601,True
14.5735365,120.9925809,False
14.5910223,120.9664857,False
14.572604,120.98528,True
14.6079636,120.9862086,True
14.6665498,121.0211414,False
14.575783,120.9936614,False
14.667466,120.9679404,True
14.564944,121.000263,False
14.5680634,120.9938383,True
14.5600052,121.0029669,False
14.6201,121.010099,False
14.572825,120.9939099,True
14.57426,120.983049,True
14.5666861,121.0483523,True
14.5830002,120.9830017,True
14.6017566,121.006939,True
14.559382,121.001975,False
14.5697661,121.0127207,False
14.575394,120.982131,True
14.538571,121.011487,True
14.569048,121.008066,False
14.5673951,120.9849893,True
14.545813,120.9917419,False
14.5591288,121.0033106,False
14.6428014,121.0378931,True
14.579516,120.988375,True
14.632483,121.018945,True
14.637979,121.025748,True
14.6379452,121.0256484,False
14.5512757,121.0186823,False
14.5715717,121.0528215,False
14.5736489,120.9925102,True
14.5830002,120.9830017,True
14.618649,121.050615,True
14.5737324,120.9895628,True
14.575394,120.982131,True
14.5741924,120.9810895,True
14.5714834,121.0159047,True
14.5594042,121.0028163,True
14.5795363,120.9779973,True
14.5987034,121.017283,True
14.5729129,120.9952274,False
14.5777331,120.9789431,False
14.566725,120.986359,True
14.5616351,120.9957281,False
14.591523,120.974831,False
14.5638349,121.0449215,True
14.559105,120.996246,True
14.571475,120.991823,True
14.5769485,120.982545,True
14.5761099,120.981906,False
14.70167,121.062908,True
14.5739948,120.9809777,True
14.5655031,121.0138442,True
14.570199,120.9915848,True
14.6197,121.005892,True
14.6294295,121.0470281,True
14.5755569,120.9803188,True
14.5782021,120.9898177,True
14.584949,120.974148,True
14.618835,121.014309,True
14.5264597,120.9970865,True
14.5490393,120.9929472,False
14.5858597,121.0622087,True
14.5555649,120.9970729,True
14.575591,120.981954,True
14.5290061,120.9917679,False
14.572318,121.001406,False
14.5517886,121.0085574,True
14.5761101,120.9903656,True
14.554571,121.015666,False
14.5605259,121.0008386,False
14.6134362,121.0596325,False
14.5616351,120.9957281,True
14.627618,121.0249706,True
14.634316,121.03856,True
14.5394243,120.9827924,False
14.5751944,120.9891054,False
14.5564096,121.014247,True
14.5777331,120.9789431,True
14.5735488,120.9908131,True
14.4829372,121.0394668,True
14.5713725,120.9850717,True
14.574128,120.983047,True
14.560213,121.000969,False
7.183384999999999,125.4396635,True
14.5662606,121.0020433,True
14.564947,121.013986,True
14.5588451,121.0013613,False
14.6212591,120.9988138,True
14.602197,120.9719,False
14.551912,121.005196,True
14.5792796,120.9804019,False
14.581188,120.980495,False
14.6049031,121.0572486,True
14.5769485,120.982545,True
14.5727682,120.9878464,True
14.5631293,120.9996633,False
14.5818835,120.9818513,True
14.579338,120.978431,False
14.560651,121.003455,False
10.3386048,123.9549811,False
14.5377512,121.0013809,False
14.5709968,120.992195,True
14.5709968,120.992195,False
14.624671,121.0401597,True
14.5595744,121.004045,True
9.1455141,123.6371591,True
14.537553,120.9950495,True
14.6053208,120.9876494,True
14.618683,121.024464,True
14.5571446,121.0211014,True
14.5664142,121.065951,True
14.5735688,120.9898249,True
14.582824,120.9971307,True
14.5737344,120.9927654,True
14.5641123,121.0152307,False
14.576314,120.989906,False
14.555461,121.01701,True
14.4246595,121.0241392,False
14.6242902,121.0428706,True
14.5800827,120.9797899,True
14.6200085,120.9924719,True
14.621935,121.04787,True
14.6199121,121.0508545,True
14.5711354,120.9872685,False
14.578839,120.988417,False
14.640071,121.055054,True
14.548021,121.025102,False
14.5576121,121.0134854,True
14.574128,120.983047,True
14.5742318,120.9922241,True
14.5779437,120.9793344,False
14.5765577,121.0401618,False
10.360895,123.934489,True
14.5811745,120.9804261,True
14.5812746,120.9952466,True
14.5558683,120.9965268,True
14.5560386,121.0038143,True
14.531706,121.023193,True
14.5636004,121.0140294,True
14.5795363,120.9779973,False
14.578548,120.98196,True
14.5741924,120.9810895,True
14.584651,120.9735279,True
14.577905,120.988453,False
14.5763159,120.991602,False
14.5815738,120.9868866,True
14.5940033,120.9653134,True
14.5940033,120.9653134,True
14.5875229,121.0564706,False
14.5810629,120.9805517,False
14.5804947,120.9886965,True
14.578701,120.981708,False
14.574128,120.983047,False
14.5695563,120.9882965,False
14.5685724,120.9870145,True
14.559582,121.002973,True
14.6405274,121.0250136,True
14.5806366,120.9887496,True
14.565898,120.986058,False
14.558221,121.003372,True
14.5877774,121.061324,True
14.627239,121.052631,False
14.5615765,121.0042951,False
14.5805216,120.9810969,False
14.6294088,121.0866456,True
14.619468,121.003969,True
14.563658,121.014345,True
14.5377003,120.9816308,False
14.5825191,120.9842928,False
14.5812321,120.9804574,True
14.581188,120.980495,False
14.5811991,120.9810221,False
14.56261,121.0109802,True
14.602929,121.002271,False
14.5718158,120.982138,False
14.610257,121.022471,True
14.6929386,120.9550887,False
14.6898405,121.0281282,True
14.575594,120.981954,True
14.4183645,121.0384987,True
14.570218,121.0218649,True
14.570218,121.0218649,True
14.5749386,120.9806862,True
14.6203658,121.0704249,False
14.5725148,120.9839705,True
14.5464501,120.9950601,True
14.5559105,121.0157255,True
14.5762997,121.0390015,True
14.5931358,120.9732021,True
14.5818131,120.9864278,True
14.626424,121.055856,True
14.525338,120.997179,True
14.6323155,121.0275122,True
14.5824085,120.9843116,True
14.5672708,121.029629,True
14.5696807,121.01131,True
14.583818,120.989738,True
14.566016,121.004702,True
14.5698071,120.9861984,False
14.5687265,120.9869309,True
14.5687333,120.9869272,True
14.5687333,120.9869272,True
14.571852,120.982207,False
14.576211,120.993933,False
14.623586,121.0546863,True
14.5755569,120.9803188,True
14.5809822,120.9764328,True
14.642624,121.050478,True
14.625622,121.05632,False
14.585229,121.04872,True
14.507338,121.045986,True
14.5800648,120.9984249,False
14.545165,120.993497,True
16.627277,120.3205,True
14.554729,121.024445,False
14.5495448,120.998413,True
14.5886329,121.0432591,True
14.558085,121.019689,True
14.583858,120.989393,True
14.563315,120.98799,False
14.544706,120.991959,True
14.5709314,120.9821167,True
14.5709142,120.9879606,False
14.4559793,121.0384821,True
14.5769485,120.982545,True
14.5632944,120.9877319,True
14.6317454,120.995267,True
10.3452485,123.9223601,True
14.293316,121.006097,True
14.5658885,121.0134414,False
14.4423836,120.9529041,True
14.633803,121.040686,False
14.5722439,120.9924458,True
14.6252293,121.050875,True
14.579078,121.001934,True
14.556841,120.9913313,True
14.6158351,121.063415,False
14.556511,121.004765,False
14.5703362,120.9951461,True
14.5775873,120.9891109,False
14.5600401,121.0048792,True
14.5935094,120.9614086,True
14.5709142,120.9879606,False
14.576064,120.991473,False
14.637979,121.025748,True
14.6326841,121.0415303,True
14.623141,121.029028,True
14.5793614,120.988094,True
14.569963,120.993099,False
14.5525833,121.0021667,True
14.5653999,121.0069674,True
14.599272,121.004877,True
14.575588,120.980173,False
14.5778953,120.9919787,True
14.5797828,120.9774597,True
14.598266,121.0150602,True
14.6236819,121.0326801,False
14.6287236,120.984921,False
14.584949,120.974148,True
14.6238222,121.0334953,True
14.6598229,121.0426584,True
14.5741924,120.9810895,False
14.569301,120.999909,False
14.556282,121.018671,True
14.6230227,121.0481005,True
14.604961,121.05735,True
14.577676,120.979057,True
14.566511,120.9857948,True
14.575185,120.992659,True
14.5776439,121.0169234,True
14.5547295,121.0244446,False
14.5709142,120.9879606,False
14.5614004,121.0159988,False
14.577914,120.9907126,True
14.577676,120.97905,False
14.5570062,121.0336444,False
14.5661234,120.9968802,True
14.57552,120.9897064,False
14.630775,121.034761,True
14.6535201,121.0294859,False
14.5815691,121.0639782,False
14.591892,121.058949,False
14.5704663,120.9911139,False
14.57948,120.977879,False
14.6234007,121.0306953,True
14.6037597,121.0092886,True
14.6347782,121.0364336,True
14.556824,121.005212,True
14.6281754,121.0582021,True
14.605369,121.054548,True
14.557449,121.00729,True
14.6127048,121.0554385,False
14.5755569,120.9803188,True
14.622913,121.071521,True
14.5761101,120.9903656,False
14.56195,120.999271,False
14.6121953,120.9956344,True
14.5580835,121.0013446,True
14.5727102,120.990605,True
14.5795363,120.9779973,False
14.5544608,120.9991833,True
14.5755569,120.9803188,False
14.681118,121.067119,False
14.545167,121.0111,True
14.6301562,121.0485894,False
14.623285,121.044382,True
14.574472,120.984937,True
14.574128,120.983047,True
14.5762181,120.9808311,True
14.570199,120.9915848,True
14.671655,121.018666,False
14.583818,120.989738,True
14.6028551,121.0612468,True
14.566561,120.985457,True
14.637636,121.047113,False
14.5733176,120.993685,False
14.560857,121.00522,False
14.5652048,120.9992857,True
14.574128,120.983047,False
14.5766557,120.9814867,False
14.573354,120.994328,False
14.578142,120.9898513,True
14.555418,121.003987,False
14.5769485,120.982545,True
14.567655,120.985907,True
14.5769038,120.9804976,True
14.6054702,121.0790608,True
14.6358503,121.0246575,False
14.6234983,121.048366,True
14.5747529,120.981524,False
14.6482581,121.0283723,True
14.5745084,120.9903717,False
14.5743377,120.9918816,True
14.5792213,120.9893722,True
14.545296,120.9941545,True
14.570457,120.992041,False
14.5546529,121.0043032,True
14.5830002,120.9830017,False
14.562199,121.010993,False
14.5796262,120.9986947,False
14.602689,121.046226,True
14.5742148,120.9824563,True
14.604147,121.0235892,True
14.5882999,121.0624436,False
14.5544608,120.9991833,True
14.5591288,121.0033106,False
14.5464501,120.9950601,False
14.5549932,121.0799566,True
14.562136,120.999056,True
14.5776975,120.981448,True
14.5795223,120.9816704,True
14.580241,120.981978,True
14.5585772,121.0256708,False
14.573464,121.059575,False
14.5755569,120.9803188,True
14.605208,121.054527,True
14.5728587,120.9876772,True
14.574128,120.983047,True
14.5685317,121.0281027,True
14.5860739,120.9825134,True
10.6996156,122.5506307,True
14.5741924,120.9810895,False
14.558085,121.019689,True
14.5769485,120.982545,False
14.5769485,120.982545,True
14.5698071,120.9861984,False
14.5795363,120.9779973,False
43.66028,-79.3535681,False
43.66028,-79.3535681,False
14.6172905,121.0593109,False
14.442534,120.997343,False
14.5756804,120.9933663,True
14.545296,120.9941545,True
14.5889479,121.061983,True
14.58983,120.971053,True
14.5940033,120.9653134,True
14.5727102,120.990605,True
14.5908566,120.9661179,True
14.578902,120.98935,True
14.5931358,120.9732021,True
14.5701916,120.9846755,False
14.5813648,120.9959119,True
14.550428,121.008368,True
14.577676,120.979057,True
15.156362,120.59202,True
14.5563673,121.0031058,False
14.5848268,120.9948269,False
14.615721,121.056813,False
14.553426,121.006454,True
14.575448,120.980424,True
14.585446,121.061652,False
14.6230913,121.0440867,True
14.5802433,121.0598013,False
14.5672708,121.029629,False
14.5796367,121.045895,True
14.6204719,121.0600386,False
14.557712,121.006919,False
14.617429,121.0576871,True
14.5780342,120.9899115,True
14.571526,120.9841279,False
14.5715199,120.9906907,False
14.586736,120.972802,True
14.5741924,120.9810895,False
14.5290061,120.9917679,False
14.57417,120.993805,True
14.5931358,120.9732021,True
14.578587,120.979001,True
14.5870417,121.0022621,True
14.5769485,120.982545,True
14.5769412,120.9894757,True
14.5741924,120.9810895,True
14.6535201,121.0294859,False
10.3134949,123.89043,True
14.5622761,121.026074,False
14.5813842,120.9958995,False
14.6225939,120.9925928,True
14.660098,120.944606,True
14.5844864,121.0494642,False
14.5895861,120.974984,False
14.5725465,120.9934367,False
14.5755569,120.9803188,True
14.5789266,120.9795088,False
14.5769485,120.982545,True
14.5931358,120.9732021,True
14.559517,120.98796,False
14.622379,121.046072,True
14.467113,121.015032,True
14.5818144,121.047765,True
14.5675768,120.9937041,False
14.667968,121.010284,True
14.6347585,121.0214494,True
44.901342,-93.739708,True
13.941649,121.622318,True
14.565964,121.008355,True
14.554705,121.015068,True
14.5732001,120.9882698,False
14.569672,120.985557,True
14.550459,121.013941,True
14.573686,121.03906,True
14.5741924,120.9810895,True
14.6535201,121.0294859,False
14.5727102,120.990605,False
14.585389,120.982451,True
14.543113,121.011761,True
14.5756061,120.9803429,True
14.472913,121.005334,True
14.5497519,121.013351,True
14.565496,120.986219,True
14.554696,121.002998,True
14.5632867,120.9998028,False
14.6078081,121.038988,True
14.580351,120.9880953,False
14.581188,120.980495,False
14.6333167,121.0200892,True
14.6110296,120.9962387,True
14.4642693,121.014812,True
14.584114,121.062705,True
14.6196541,120.9724935,False
14.572289,120.990837,True
14.5735488,120.9908131,False
14.5713984,120.9841821,True
14.5737283,120.9824954,False
14.581188,120.980495,False
14.5346863,120.9985544,True
14.5755429,120.9818065,True
14.5818131,120.9864278,True
14.558419,121.016479,True
14.568827,120.986683,True
14.570199,120.9915848,True
14.5731254,120.985814,True
14.620754,121.061133,False
14.573851,120.992119,True
14.5550045,121.0186261,True
14.5538492,121.0061029,False
14.556629,121.0000571,True
14.6321949,121.0433365,True
14.5592304,121.0111319,True
14.474821,121.045004,True
14.548488,120.990965,True
14.5290061,120.9917679,False
14.594445,121.055994,False
14.594445,121.055994,False
14.5680912,120.9932148,False
14.5940033,120.9653134,True
14.5576121,121.0134854,False
14.5564795,121.0063711,True
14.5536186,121.0078954,True
14.5763093,120.990042,True
14.556941,121.015485,True
14.6129605,120.9965267,False
14.5727102,120.990605,True
14.5628831,121.0111557,False
14.602432,120.9800319,True
14.568923,120.9930981,True
14.559327,120.988172,True
14.6232862,121.0009259,True
14.57874,120.980933,True
14.552058,121.015584,False
14.554367,121.0049101,False
14.62345,121.053961,True
14.5534,120.996445,True
14.6328341,121.0193252,True
14.5707048,121.0210418,True
14.6350843,120.9942234,True
14.5719125,120.9822017,False
14.6148172,121.0727454,True
14.575394,120.982131,True
14.557505,121.016318,True
14.5157344,120.9953669,True
14.5916779,120.9998167,False
14.556088,121.013587,True
14.5712872,121.0140335,True
14.5635155,121.0592639,True
14.6107053,121.0377247,True
14.563176,121.001501,False
14.5896134,121.0194339,True
14.6423189,121.033846,True
14.6803812,121.0321629,True
14.557312,121.005971,True
14.632282,121.019053,False
14.6241999,121.05763,True
14.5732412,121.0632618,False
14.5374744,120.9976239,False
14.5169949,120.9942451,True
14.4598755,120.961895,False
14.574059,120.992042,False
10.6760525,122.9530369,False
14.580533,120.987329,True
14.5552506,121.0020295,False
14.57223,120.991329,True
14.6211742,121.0495633,True
14.650096,121.028781,True
14.6015099,121.0464452,True
14.5770263,120.979675,False
14.5580552,121.0034574,True
14.5989749,120.9800537,True
14.576759,120.989508,True
14.5781574,121.0572751,False
14.5626883,121.0112609,False
14.5736288,120.9899568,False
14.432771,121.004792,True
14.5753007,121.061058,False
14.551464,121.016268,True
14.583002,120.986943,True
14.5658229,121.0324893,True
14.5923038,120.9717716,True
14.571852,120.982226,False
14.5929832,121.0582789,False
14.5929832,121.0582789,False
14.557449,121.00729,True
14.5841133,120.9909061,True
14.584521,121.050085,True
14.5784165,120.989508,True
14.5585208,121.0150086,True
14.5631321,121.0121382,False
14.563755,121.076471,True
14.553095,121.015377,True
14.633486,121.040386,False
14.5704891,120.9924845,True
14.5770263,120.979675,False
14.6118652,120.9813739,True
14.5893151,120.9869645,True
14.580568,121.059608,False
14.640486,121.033211,False
14.6881015,120.9749959,False
14.5712686,121.0483704,True
14.584651,120.9735279,True
14.6045188,121.0750075,False
14.5575434,121.0002079,True
15.7879491,121.0044327,True
14.572218,120.9875769,False
14.553296,121.017709,True
14.56581,121.030792,True
14.5526363,121.0154566,True
14.559319,121.024403,True
14.627839,121.018486,True
14.5713984,120.9841821,True
10.306621,123.8968337,False
14.565895,120.9850261,True
14.6188531,121.0651161,True
14.5736675,120.9809151,False
14.603396,121.045008,True
14.623422,121.0027656,True
14.5755429,120.9818065,False
14.6327342,121.0432672,True
14.5741924,120.9810895,True
14.552401,121.016015,True
14.5556876,121.0060677,False
14.5632944,120.9877319,True
14.616559,121.05926,True
14.5918766,120.973865,True
14.618784,121.012536,True
14.57948,120.977879,False
14.643064,121.052008,True
14.6402302,121.010426,True
14.557375,121.015176,False
14.6544164,120.9842563,True
14.6100174,121.0235882,True
14.5735809,120.9910837,True
14.586761,121.046443,False
14.5791055,120.9800936,False
14.5747086,120.9912041,True
14.5814239,121.0127937,True
14.538227,121.0042284,False
14.5707084,121.0126018,True
14.5543718,121.0052248,True
14.611725,121.036288,False
10.314919,123.8856799,False
14.6221216,121.057786,False
14.5871423,121.0620366,False
14.5758425,120.9818288,False
14.580095,121.059787,True
14.668957,121.054595,False
14.5572906,121.0260503,True
14.5755569,120.9803188,True
14.5722816,120.9827527,True
14.566284,121.045602,True
14.5732311,120.9883039,False
14.615196,121.0623793,True
14.5546501,121.0150963,False
14.574128,120.983047,True
14.5796205,120.9803731,True
14.558961,121.019497,False
14.557273,121.000357,True
14.541619,120.992432,True
14.5808722,120.9880099,True
14.543994,121.011,False
14.571462,120.994646,True
14.632813,121.043315,True
14.561623,121.004254,False
14.5705054,120.99511,True
14.5658409,121.0095726,True
14.5776624,120.9789696,True
14.6402302,121.010426,True
14.557375,121.015176,False
14.6544164,120.9842563,True
14.6100174,121.0235882,True
14.5735809,120.9910837,True
14.586761,121.046443,False
14.5791055,120.9800936,False
14.5747086,120.9912041,True
14.5814239,121.0127937,True
14.538227,121.0042284,False
14.5707084,121.0126018,True
14.5543718,121.0052248,True
14.611725,121.036288,False
10.314919,123.8856799,False
14.6221216,121.057786,False
14.5871423,121.0620366,False
14.5758425,120.9818288,False
14.580095,121.059787,True
14.668957,121.054595,False
14.5572906,121.0260503,True
14.5755569,120.9803188,True
14.5722816,120.9827527,True
14.566284,121.045602,True
14.5732311,120.9883039,False
14.615196,121.0623793,True
14.5546501,121.0150963,False
14.574128,120.983047,True
14.5796205,120.9803731,True
14.558961,121.019497,False
14.557273,121.000357,True
14.541619,120.992432,True
14.5808722,120.9880099,True
14.543994,121.011,False
14.571462,120.994646,True
14.632813,121.043315,True
14.561623,121.004254,False
14.5705054,120.99511,True
14.5658409,121.0095726,True
14.5776624,120.9789696,True
14.607536,121.101505,True
14.537779,121.019865,True
14.55295,120.990571,False
14.578652,120.9808831,False
14.636829,121.072115,True
14.5597562,120.9991849,False
14.5646746,121.0090183,False
14.558231,121.019393,True
14.5762682,121.0392456,False
14.5603927,121.0042307,True
10.330756,123.8989229,True
14.6049031,121.0572486,True
14.6358101,121.0320321,False
14.427921,121.041444,True
14.427921,121.041444,True
14.5703422,120.9920608,True
14.559517,120.98796,False
14.579095,121.050075,True
14.5719125,120.9822017,True
14.5830002,120.9830017,True
14.6389966,121.0404337,True
14.576314,120.989906,False
14.5797828,120.9774597,False
14.5683545,120.9936834,True
14.5556309,121.0132166,True
14.6596781,121.0681189,True
14.5573278,121.0379924,True
14.590133,121.040937,True
14.539544,120.9822607,False
14.5771834,121.0109356,True
14.614783,121.018308,True
14.5779765,120.9920266,True
14.5729567,120.9936194,False
14.6078284,120.9978093,True
14.574128,120.983047,True
14.634131,121.039377,True
14.626867,121.012102,True
14.622946,121.047259,True
14.573303,120.9925625,True
14.5741924,120.9810895,True
14.5702757,120.9914719,True
14.5647655,121.0164743,True
14.616752,121.0003016,True
14.5385141,120.9957053,False
14.576099,121.0506031,True
14.5769485,120.982545,True
14.7653,121.0247001,True
14.571316,120.983829,True
14.560272,121.0313718,True
14.5659993,121.03038,True
14.5769485,120.982545,True
14.638744,121.040525,False
14.5579019,121.0010945,True
14.5454407,120.994744,True
14.5700689,120.9847257,True
14.6369315,120.995221,True
14.6166211,121.0580233,True
14.554031,121.006276,True
14.5505684,120.9953347,True
10.323031,123.884817,False
14.600955,120.9993969,True
14.5290061,120.9917679,False
14.5843268,121.0480832,True
14.5712366,120.9845664,True
14.572601,120.992043,False
14.5828844,121.0493948,True
14.5732001,120.9882698,True
14.5852841,121.0181223,True
14.569124,120.99324,True
14.5341702,121.0218104,True
14.5635155,121.0592639,True
14.618656,121.071019,True
14.59145,121.040935,True
14.5810629,120.9805517,True
14.5872971,121.0018889,True
16.4129894,120.5789035,True
14.6236165,121.054751,True
14.5602488,121.0029048,True
14.583333,120.966667,True
14.56228,121.031067,True
14.559721,121.041031,False
14.576023,120.9808507,True
14.5776975,120.981448,True
14.5776975,120.981448,True
14.5557538,121.0030345,True
14.5645775,121.0284356,True
14.5894904,120.9862915,True
14.5379906,121.016451,True
14.5657071,121.0011537,True
14.5672241,120.9930898,False
14.55295,120.990571,False
14.5886329,121.0432591,True
14.5579419,121.0020806,True
13.7854921,121.0066789,True
14.5464501,120.9950601,True
14.5867038,121.0466699,False
14.5378358,121.0069283,True
14.5786679,120.9817068,False
14.554927,121.019626,True
14.6362987,121.0268815,True
14.581188,120.980495,False
14.502177,120.9962011,True
14.5769485,120.982545,True
14.575068,120.9906533,True
14.575394,120.982131,True
14.5793498,120.9787247,True
14.5797828,120.9774597,False
14.562442,121.010702,True
14.5769485,120.982545,True
14.5796426,120.9892663,False
14.5844643,120.9837843,True
14.5792345,121.0484808,True
14.5538492,121.0061029,False
14.558221,121.003372,True
14.578272,120.982523,False
14.568535,120.985459,False
14.680506,121.014704,True
14.5672708,121.029629,True
14.5741991,120.9937774,False
14.639632,121.024018,True
7.0838404,125.6236855,False
14.615896,120.999767,True
14.579669,121.0313865,True
14.5809253,120.9893203,True
14.5812966,121.1320728,True
14.5776975,120.981448,True
14.569251,120.995501,True
14.573851,120.992119,False
42.3006296,-70.8835103,True
14.62702,121.0109517,True
14.570218,121.0218649,True
14.572751,121.063343,True
14.5644246,120.9963506,True
14.554927,121.019626,True
14.560454,121.012098,True
14.571141,120.990844,True
14.5477403,121.0151788,False
14.545167,121.0111,True
14.4266008,121.0259391,False
14.627841,121.053405,False
14.5778726,120.9897575,False
14.5864273,120.9851976,False
14.5860739,120.9825134,True
9.317852000000002,123.2977339,True
14.5792922,120.9801364,False
14.5514383,121.0172935,True
14.635798,120.9629228,True
14.584949,120.974148,False
14.5853071,121.0494071,False
14.5796426,120.9892663,False
14.6364581,121.0213254,True
14.5889053,120.9753113,False
14.5873731,120.9722147,False
14.5539005,120.9995559,False
14.6333043,120.9981755,True
14.5369387,120.9925995,True
14.6054324,120.9873891,True
14.5625341,121.0232069,False
14.5322803,121.0244794,True
14.5628045,121.0116933,False
14.5796426,120.9892663,False
14.5780527,120.9787222,True
14.5791829,121.0488948,True
14.592458,120.972603,True
14.562393,121.010985,False
14.544747,120.9946202,False
14.5818835,120.9818513,True
14.5818835,120.9818513,True
14.6309879,121.0155845,True
14.5728885,120.9929332,True
14.611757,120.982657,True
14.641451,121.024392,True
14.579971,121.086282,False
14.637686,121.02635,True
14.561287,121.02726,True
14.657702,121.006825,True
14.584949,120.974148,False
14.583656,120.987554,True
14.594196,121.056483,False
14.5867445,121.0617218,False
14.5550578,121.0013499,False
14.5731382,121.0452142,True
14.562481,121.029399,True
14.632729,121.045609,True
14.650376,121.0286656,True
14.554138,121.01519,True
14.5686178,120.9869013,True
14.5877774,121.061324,True
14.5739478,120.9818052,True
14.6362987,121.0268815,False
14.55662,121.018964,True
14.559928,120.989359,True
14.593202,120.973334,False
14.5758569,120.9911372,True
14.5776975,120.981448,True
14.5860739,120.9825134,True
14.559517,120.98796,True
14.5741924,120.9810895,True
14.558049,121.0182343,True
14.650524,121.028661,True
14.5747585,120.9891052,True
14.5796426,120.9892663,False
14.577378,120.9892157,True
14.5586424,121.0257836,False
14.5610414,121.0013953,False
14.6329492,121.054248,True
14.570927,121.00273,True
14.5477403,121.0151788,False
14.6240449,121.0320604,True
14.5738277,120.9939663,False
14.5912747,120.9751366,True
14.5834685,120.9922924,True
14.559517,120.98796,True
14.5546,121.004487,False
14.5801001,120.9990005,True
14.559517,120.98796,False
14.57428,120.983081,True
14.5759231,120.9825235,False
14.562489,121.02984,False
14.5621926,120.9991613,True
14.6275868,121.0138521,True
14.639467,121.033229,True
14.5727102,120.990605,False
14.5764337,121.0022253,False
14.560193,121.00321,True
13.7723092,121.0512696,True
14.5717681,120.9910211,True
14.581188,120.980495,False
14.588988,120.973935,False
14.574291,120.983074,True
14.5716609,120.9934771,False
14.5405488,120.9913591,False
14.5591288,121.0033106,False
14.55562,121.009706,True
14.5563703,121.0178311,True
14.5632488,121.0137998,True
14.5755308,120.9957075,True
14.587101,121.061973,False
14.659814,121.0314941,True
14.559775,121.0046368,True
14.5752716,121.0610103,True
14.592185,120.9747238,True
14.5668821,120.9869931,False
14.5594419,120.9959944,True
14.538458,120.994295,True
14.5770263,120.979675,False
14.565669,120.98616,True
10.6899996,122.5500031,True
14.5818835,120.9818513,True
14.5763956,120.9905353,True
14.6224317,121.0053327,False
14.568498,121.022831,False
14.5696232,120.9934237,False
14.553426,121.006454,True
14.6037127,120.9977646,True
14.56743,121.0395,True
14.5696726,120.9848862,True
14.5796426,120.9892663,False
14.5846647,121.055278,False
14.5285948,121.0043903,True
14.6250141,121.0514488,False
14.5004362,121.0157361,True
14.557755,121.003424,False
14.5673637,120.9932334,False
14.5919523,120.9758301,True
14.5385141,120.9957053,True
14.573095,121.013263,False
14.5718709,120.9838026,False
14.542676,121.014316,True
14.6400553,121.0310198,True
14.5931358,120.9732021,True
14.5755429,120.9818065,True
14.571173,120.983485,True
14.557063,121.015345,False
13.7553523,121.0567032,True
14.5537171,121.0034873,False
14.580162,120.989529,False
14.5813141,120.9865174,True
14.6103584,121.0252608,True
14.5767457,120.9898035,True
14.571191,121.024975,False
14.607585,121.080445,False
14.540055,121.014348,False
10.3294777,123.9384623,False
14.5711536,120.9845664,True
14.5741924,120.9810895,True
14.6198204,120.9987494,True
14.5720732,121.0607957,True
14.57422,120.981354,True
14.5769665,120.9922971,False
14.4793095,121.0198229,True
14.5464501,120.9950601,True
14.5715838,120.9885724,False
14.5672708,121.029629,True
14.5744572,121.0612503,False
14.5753007,121.061058,False
14.5851867,120.9722586,True
14.5777331,120.9789431,True
14.5721136,120.9915651,True
14.5702757,120.9914719,False
14.555458,121.016958,True
14.632519,121.0528632,False
14.5569,120.996361,True
35.2163506,-80.7857403,True
14.5721711,120.9915331,True
14.5685066,120.9897199,False
14.563853,121.014471,True
14.6163986,120.9584279,True
14.556821,121.017345,False
14.6236157,121.0547492,True
41.3265013,-92.3332143,True
14.542009,121.014164,False
14.538223,120.995538,True
14.628678,121.053001,True
14.428065,121.024301,False
14.5580934,121.015417,False
14.557946,121.023827,False
14.5719125,120.9822017,True
14.571852,120.982226,False
14.5657396,120.9844589,False
14.5741924,120.9810895,True
14.552929,121.016523,True
14.615896,120.999767,True
14.573892,120.990211,True
14.556821,121.017345,False
14.538657,120.995671,False
14.584651,120.9735279,False
14.584651,120.9735279,False
14.5763956,120.9905353,True
14.663747,120.992543,True
14.556612,121.016035,True
14.570218,121.0218649,True
14.5610401,121.001458,False
14.5836316,120.9875873,True
14.5803437,120.9792566,False
14.555736,121.0046739,True
14.5726916,120.9884615,False
14.551912,121.005196,True
34.0379295,-118.514616,True
14.573078,121.052549,True
14.566981,121.083682,True
14.570062,121.017019,True
14.5768,120.989578,True
14.553095,121.015377,False
14.597764,121.038554,True
14.5524747,121.0154566,True
11.1783098,125.0023663,False
14.5703422,120.9920608,False
14.6172037,121.0552925,True
14.5747086,120.9912041,True
14.6296831,121.0441222,True
14.581978,120.985871,True
14.5658486,120.9848707,False
14.6399664,121.0314712,False
14.5741924,120.9810895,True
14.574059,120.992042,True
14.617,121.100295,True
14.4471065,120.9456754,False
14.6301869,121.0152517,True
14.5744015,120.9843752,True
14.5755569,120.9803188,False
14.5598463,120.9925322,True
14.5427323,121.0107739,False
14.577791,120.980262,True
16.444544,120.5927604,False
14.5664592,120.9944899,False
14.561067,121.017993,False
14.566274,121.010874,True
14.626888,121.061932,True
14.5388807,121.0111075,True
14.574226,120.982463,False
14.613823,121.062393,True
10.3084352,123.8880004,True
14.5570185,121.0156073,True
13.181627,123.6609319,True
14.5662844,121.045711,True
14.5364824,121.0204359,True
14.5785967,120.9897261,True
14.5788129,120.988784,False
14.5836747,120.9840682,False
14.5791187,121.0030895,True
14.6199325,121.0042304,True
14.590546,120.983434,True
14.6357086,121.024016,True
14.5568587,121.0169356,False
14.5725665,120.9895814,True
14.5575549,121.0155074,True
14.584651,120.9735279,True
14.564495,121.032029,False
14.563853,121.014471,False
14.56609,121.014095,True
14.5858117,121.0601708,True
14.5654279,120.9943088,True
14.5654279,120.9943088,True
14.562723,121.011129,True
14.5931693,121.0179396,True
14.598707,120.980164,True
14.554662,121.004321,True
14.6244322,121.0356152,True
14.5478836,121.0478928,False
10.658427,122.9437748,False
14.621236,121.02332,False
14.5537339,120.9890975,True
14.564062,121.00093,False
14.618835,121.014309,True
10.296869,123.9048104,True
14.6234007,121.0306953,True
14.575588,120.980173,False
14.574877,120.9903384,False
14.5832062,120.9864846,False
14.5632944,120.9877319,True
14.560069,121.0034545,True
14.559121,121.003267,False
14.571952,120.9935599,False
14.5995124,120.9842195,True
6.9135694,122.079613,True
14.584651,120.9735279,True
14.5134618,121.0619686,True
14.577576,120.980056,True
14.568923,120.9930981,False
14.5790182,120.979482,True
14.6333332,121.0333328,False
14.6069626,121.0290241,True
14.6241502,121.0437219,True
14.623623,121.045373,True
14.551419,120.991843,True
14.597024,120.975767,True
14.618744,121.065174,False
14.5568587,121.0169356,False
14.566681,121.030059,True
14.5885419,121.0435089,True
14.5780527,120.9787222,True
14.616936,120.989911,True
14.586736,120.972802,True
14.5923038,120.9717716,True
14.5923038,120.9717716,False
14.555559,121.015492,False
14.5920016,121.0016043,True
14.622641,121.045542,True
14.575401,120.987998,False
14.635555,121.0327569,True
14.580644,120.98886,True
10.334108,123.942926,True
14.622807,121.045942,True
14.5544056,121.0199366,True
14.6279951,121.036507,True
14.5646593,121.0030103,False
14.561319,121.0239481,False
14.589204,121.060544,True
14.6078816,120.9913704,False
14.640167,120.99337,False
14.5860739,120.9825134,True
14.575098,120.988045,True
14.5290061,120.9917679,True
14.571824,120.9941403,True
14.5775873,120.9891109,True
14.5741049,120.9893571,False
14.560989,121.011377,True
14.66384,121.009164,True
14.565188,121.010819,False
14.5668242,120.9868407,True
14.589625,121.060972,False
14.5904164,120.9752061,True
14.531433,120.9886122,False
14.5663693,120.9844852,True
14.6311261,121.0353832,False
14.5741924,120.9810895,True
14.561646,120.9952249,True
14.5727102,120.990605,True
14.559032,121.004729,False
14.590527,121.05729,False
14.570199,120.9915848,True
14.562146,121.010909,False
14.5786803,120.9817155,True
14.610026,121.051075,True
14.5563673,121.0031058,False
14.5902382,121.0343195,True
14.574128,120.983047,True
14.588264,120.976437,True
14.588264,120.976437,False
14.6237609,121.0340706,True
14.5704663,120.9911139,False
14.5719513,120.9840526,True
10.7220459,122.5600095,True
14.5910716,120.9701732,False
14.562054,121.026472,True
14.6221216,121.057786,True
14.622799,121.045393,True
14.6535201,121.0294859,True
14.6344828,121.0581953,True
14.578714,120.988868,True
14.6307232,120.9812653,True
10.2992762,123.9038566,True
14.6561554,121.0226625,False
14.577156,121.085547,True
14.584651,120.9735279,False
14.5748523,120.9817116,True
14.5739856,120.9894237,True
14.5579019,121.0010945,True
14.643162,121.018952,True
14.59283,120.97578,False
14.59283,120.97578,True
14.562627,121.012023,True
14.623301,121.054251,True
14.6543796,121.0300608,True
14.578533,120.981967,True
14.573367,121.062563,True
14.5769485,120.982545,True
10.471248,123.695357,False
14.600047,120.979902,True
14.5857069,121.0621585,False
14.6017873,121.0959728,True
14.7749064,121.0479013,False
14.561287,121.02726,True
14.5709116,120.9874797,True
14.5586,121.0224829,False
14.2009082,121.1289957,False
14.6086292,120.9922028,True
14.6060424,121.0563426,True
14.5709142,120.9879606,False
14.5616958,121.0260398,False
14.580313,120.9869329,True
14.6333332,121.0333328,False
14.5701916,120.9846755,False
14.551282,120.99133,True
14.7332367,121.0526207,True
14.6358533,121.0601221,False
13.6232883,123.1867015,False
43.66028,-79.3535681,False
14.6449122,121.0510969,True
14.566113,121.181235,True
14.565496,120.986219,False
14.589014,120.982352,True
14.6110296,120.9962387,True
14.5673951,120.9849893,True
10.7175041,122.562979,True
14.564462,121.015273,False
14.561801,121.025725,True
14.554044,120.991793,False
14.574128,120.983047,True
14.571862,120.991611,False
14.5698703,120.9925388,False
14.6576185,121.0228934,False
14.5525843,121.013463,True
14.6336126,121.0552333,False
14.5825344,121.0620853,True
14.5727102,120.990605,False
14.6347052,121.0481899,True
16.4274789,120.6034818,True
14.5768,120.989578,False
14.623967,121.115924,False
14.5727102,120.990605,True
14.5836747,120.9840682,False
14.571325,120.984376,True
33.4387212,-112.0843681,True
14.5818835,120.9818513,True
14.638227,121.0263643,True
14.5812606,120.9877665,False
14.6350926,120.9972581,True
14.564881,121.0020061,True
14.3189715,121.1121199,True
14.606725,121.017404,True
14.5741924,120.9810895,True
14.5786059,120.9818669,True
14.5738202,120.9899369,False
14.552949,120.9927181,False
14.551912,121.005196,True
14.645196,121.027509,True
14.572344,120.983996,False
14.5860739,120.9825134,True
14.5779765,120.9920266,False
14.5645778,120.9981245,True
14.5464052,120.9940739,True
10.305357,123.895004,True
14.5401251,121.0122883,True
14.5801898,120.989559,True
7.044064,125.5748398,False
14.570752,120.98589,True
14.5071748,121.0009105,False
14.5533453,121.0158421,False
14.4701996,121.0220032,True
14.577883,120.978894,True
14.600047,120.979902,True
14.7510471,120.9627574,True
14.593391,120.974225,False
14.6029243,120.9842264,False
14.5503183,120.9899057,False
14.5560877,121.0155081,False
14.5768363,120.981445,True
14.6290289,121.034182,True
14.576762,120.989505,True
14.5657363,121.0300075,True
14.5750062,120.9807466,False
14.5721974,121.0176398,True
14.600047,120.979902,True
14.5779805,120.9797899,True
14.5559105,121.0157255,True
14.529299,120.992437,False
14.5748716,120.9917002,False
14.5737344,120.9927654,False
14.5720617,120.9896258,True
14.5784103,120.9790836,False
14.58213,120.982789,False
32.4089521,-87.0004209,True
14.552692,121.026279,True
14.572036,120.9837549,True
14.5603246,121.0247749,False
14.5769485,120.982545,True
14.5750062,120.9807466,True
14.5536961,120.9947911,False
14.592243,121.030283,True
14.5663922,120.9853949,True
14.5532239,121.0175175,True
14.5464846,120.9982299,True
14.565309,120.9960275,True
14.5746382,121.0610586,False
14.579463,120.9804344,True
14.5727102,120.990605,False
14.5789534,121.1001626,True
14.5752975,120.9807654,False
14.5727102,120.990605,False
14.557135,121.003684,False
14.5587822,121.0232405,False
14.5587822,121.0232405,False
14.579089,120.982696,True
14.5855281,120.9808429,False
14.5779841,120.9795836,True
14.579178,120.987014,True
14.5610148,121.0255812,False
14.5610148,121.0255812,False
14.572901,120.992662,True
14.5417171,121.0063,False
14.551711,121.003929,True
14.576046,120.982707,False
14.5400763,120.9982857,True
14.5817869,120.986377,True
14.5618759,121.0020156,True
14.5769412,120.9894757,True
14.5779577,121.0514646,True
14.577943,120.989717,True
14.460445,121.045001,True
14.5592258,121.0116336,False
14.5435996,120.9993892,True
30.0121213,-90.1567037,True
14.555533,121.0181668,False
14.613204,121.032192,False
32.824971,-117.1543612,False
14.636181,121.025224,True
14.6515748,120.9837584,True
14.5618359,120.9951197,True
14.5557886,120.9952802,True
14.571827,120.993118,False
14.5605569,121.0172374,True
14.5713102,121.027429,True
14.5825854,120.9811025,True
14.5825854,120.9811025,True
10.3338597,123.9376003,True
14.5534962,121.0167861,True
14.672557,121.0710499,True
14.5662915,120.994451,False
14.5770364,120.9796107,False
14.4793095,121.0198229,True
14.578602,121.051544,True
14.570218,121.0218649,True
14.5632944,120.9877319,True
14.5855824,121.0614136,False
14.5805121,120.9888254,False
14.506488,120.994006,True
14.506488,120.994006,True
14.5727102,120.990605,False
14.562146,121.010909,True
14.562656,121.011122,True
44.901342,-93.739708,True
14.6332457,121.0245431,False
31.7443672,-106.4330792,True
14.621121,121.022967,True
14.577135,120.981102,True
14.5169384,121.00105,True
14.57604,120.9841859,True
14.5595308,121.0034046,False
14.5737,120.9908137,True
14.5694061,120.9864743,False
14.6188305,121.057088,False
14.6003685,120.9737892,False
14.56545,121.030647,False
14.55467,120.998954,True
14.567823,120.985948,True
14.5860739,120.9825134,False
14.557622,121.015455,False
14.5526327,121.0137671,True
14.5544608,120.9991833,False
14.585521,120.987804,True
14.5701865,120.9916202,False
14.6196051,121.0036067,True
14.5408105,120.9924087,True
14.567603,120.99311,False
14.5755429,120.9818065,False
14.566616,120.985726,False
14.5784744,120.981941,True
10.6713871,123.0555033,True
14.570218,121.0218649,True
14.6014464,121.0123672,True
14.4804117,121.0048727,True
14.623968,121.009085,True
14.574151,120.982308,False
14.622871,121.045297,False
14.5704663,120.9911139,False
14.5881624,120.9779544,True
14.5527402,121.017606,True
14.6171052,121.0010427,True
14.5748523,120.9817116,True
14.5794469,120.9786478,True
14.553522,120.992324,True
14.5787917,120.9973842,True
14.575821,120.993839,True
41.72436039999999,-87.54787429999999,False
14.6505535,121.0179989,True
14.572287,120.991625,True
14.5819518,120.9818474,True
14.600047,120.979902,True
14.6400475,121.04313,True
14.6673831,121.0485599,True
14.6260631,121.0565286,True
14.5999798,120.980685,True
14.58241,120.985552,True
14.5826355,121.0134406,True
14.5312175,120.9872402,False
14.575394,120.982131,True
14.5742148,120.9824563,True
14.7646773,121.0782249,True
14.574128,120.983047,True
14.5800727,120.986429,True
14.621236,121.02332,True
14.394581,121.045954,False
14.5484123,121.0037913,True
14.5974606,120.9751059,False
42.66675,-73.01121169999999,True
14.564364,121.014459,True
14.575015,120.980793,True
14.617188,121.039179,False
14.596583,120.973871,True
14.5281372,121.042162,True
14.634393,121.020999,True
14.6808788,121.1366715,False
14.5773772,120.9788829,True
15.2229086,120.5745324,True
14.573954,120.983212,True
14.5705268,120.9845386,True
14.575588,120.980173,True
14.56962,121.028343,True
14.5749386,120.9806862,True
14.5755221,120.9884191,False
14.5908566,120.9661179,True
14.559807,121.000936,True
14.623141,121.029028,True
14.5805243,120.9816927,True
14.570199,120.9915848,True
14.571827,120.993118,True
14.5774944,120.9793477,True
14.5860739,120.9825134,False
14.5784744,120.981941,True
14.575394,120.982131,False
14.574128,120.983047,False
14.5735614,120.9924246,True
14.599484,121.027344,True
14.5758569,120.9911372,False
14.611801,121.07524,True
14.576367,120.994158,True
14.5727102,120.990605,True
14.576876,120.982644,False
6.9225575,122.0438474,True
14.5546348,121.0133958,True
14.530335,121.008082,True
14.5768,120.989578,True
14.5769485,120.982545,True
14.567655,120.985907,True
14.5886329,121.0432591,True
14.6240929,121.0341314,True
14.5860739,120.9825134,True
14.5574912,121.0096,False
14.5860739,120.9825134,False
13.937889,121.613095,True
14.576765,120.989505,False
14.5721029,120.983717,False
14.570199,120.9915848,True
14.573701,120.990683,False
14.5640546,120.9982411,True
14.5852343,120.9727227,True
14.571945,120.9837719,False
8.483255999999999,124.638637,True
14.5747841,121.0584578,True
14.5531568,120.9919632,True
-0.2606844,-78.5311916,True
14.5256232,121.0430707,True
14.5706785,121.0602421,True
14.618843,121.065089,False
14.5627209,121.010712,True
14.5901173,121.0895415,True
14.6049904,121.0230985,True
14.628548,121.031532,True
14.579384,120.982609,True
14.1080813,121.1460698,True
14.5464501,120.9950601,True
14.5800727,120.986429,True
14.570866,120.991819,True
14.5627209,121.010712,False
14.6512613,120.9655386,True
14.5792796,120.9804019,False
14.598602,120.979074,True
14.4235802,120.9749322,False
10.309968,123.917945,True
14.574128,120.983047,True
14.5777178,120.9798253,True
38.9500544,-77.3928317,False
36.086061,-95.89746199999999,True
14.5677995,120.9857281,True
14.558918,121.009265,True
14.5860739,120.9825134,True
14.5769485,120.982545,True
14.5752954,120.9824502,False
14.537799,121.007397,True
14.5740779,120.9827052,True
14.5740521,120.9848574,False
14.579065,120.97873,False
14.5483012,120.9933543,False
14.5728574,120.9851884,False
14.570199,120.9915848,True
14.5749386,120.9806862,False
14.574128,120.983047,True
14.575394,120.982131,True
14.5740412,121.0010523,False
14.575472,120.982551,True
14.5783871,120.9795707,True
14.575145,120.9854686,True
14.572599,120.992872,True
14.6592425,120.9442801,True
14.5749908,120.9806954,False
14.5464501,120.9950601,True
14.5749386,120.9806862,True
14.562656,121.011122,True
14.5370941,120.990807,True
14.5824516,121.0615479,True
10.689496,122.958861,False
14.528922,120.997235,True
14.6332323,121.0544232,True
14.5805,120.989886,True
14.5770263,120.979675,False
14.575594,120.981954,True
14.5694255,120.988286,True
14.575394,120.982131,False
14.5354162,121.0116332,False
14.629759,121.019673,False
14.5755156,120.9878826,False
14.5768,120.989578,True
14.7448145,120.9584809,True
14.5860739,120.9825134,True
14.5860739,120.9825134,True
14.571316,120.983829,True
14.5713569,120.9836863,False
14.5756102,120.993048,True
7.0544547,125.6011576,True
14.5766474,120.9922493,True
14.5673799,121.0661709,False
14.574128,120.983047,False
15.486551,120.97374,True
14.5768,120.989578,False
14.6163782,121.0536427,True
14.6329359,121.077669,True
14.5744572,121.0612503,False
14.580508,120.981051,True
14.5599391,121.0127682,True
14.549872,120.992792,False
14.554933,120.997198,True
14.5763458,120.9971251,False
14.5767457,120.9898035,False
14.579762,120.986545,True
19.3663621,-98.9920746,True
14.629585,121.032445,False
14.4742966,121.0208916,True
14.6024008,121.0135347,False
14.589204,121.060544,True
14.5532894,120.9923218,True
14.6228332,121.0462207,True
14.578036,120.978425,True
14.574128,120.983047,True
14.5768,120.989578,True
14.5727102,120.990605,False
14.622884,121.0455789,True
14.5714834,121.0159047,False
14.581188,120.980495,False
14.571582,120.992313,False
14.589979,120.9788685,True
14.625217,121.120385,True
14.5630003,121.0125859,True
14.5329961,120.9951706,True
14.5755156,120.9878826,False
14.5800425,120.9895769,False
14.6344823,120.9969847,False
14.579044,120.987818,True
14.557998,121.02408,False
14.581931,120.981639,False
14.581188,120.980495,False
14.5528945,121.0069219,True
14.5886329,121.0432591,True
14.5825854,120.9811025,True
33.8113025,-84.37504679999999,True
14.5980597,120.9786572,True
14.5735149,121.0032078,True
14.584114,121.062705,True
14.5776975,120.981448,False
14.5800425,120.9895769,True
14.5794469,120.9786478,False
14.58274,120.983057,False
14.567879,120.986691,True
8.337462799999999,123.844914,True
14.6274112,121.0788264,True
14.5824134,120.9846333,False
14.5584935,121.0165767,True
14.576064,120.991473,True
10.3131962,123.8950078,True
14.5777331,120.9789431,True
14.560454,121.012098,True
14.571827,120.993118,True
14.555897,121.015403,True
16.605903,120.3176152,True
14.582462,121.062021,True
14.611014,121.028006,True
14.557728,121.001441,True
14.5774095,120.9813475,True
14.5787323,120.9823891,True
14.6062679,121.0256366,True
14.546429,120.994173,True
14.5805136,120.9812447,True
14.571827,120.993118,False
15.819507,121.006482,True
14.5768,120.989578,True
14.57961,121.058823,False
14.5561962,121.0195006,False
14.574383,120.992013,False
14.6122845,121.0553992,True
14.5619957,120.9951153,True
14.572386,120.991488,False
14.552502,121.017008,True
33.4198736,-111.9295509,True
10.3101366,123.9544571,True
14.541355,120.992691,False
14.5755569,120.9803188,False
14.5768,120.989578,True
14.5768,120.989578,False
14.6352412,121.032211,True
14.5580871,121.0027172,False
14.5777068,120.9784376,False
14.5220491,121.0008778,False
14.5755569,120.9803188,False
14.5797828,120.9774597,False
14.5631463,121.0146054,True
14.570199,120.991585,False
14.576916,120.982247,False
14.5601907,121.0305411,False
14.5432808,121.011602,False
14.670747,121.039279,True
7.0701197,125.6154361,True
14.57426,120.983049,True
14.5677541,120.9895683,False
14.5824516,121.0615479,False
14.5780527,120.9787222,True
14.5749386,120.9806862,True
14.5422799,121.0144603,True
14.539848,121.012061,False
10.3816491,123.6433857,True
14.551834,121.017867,True
14.5784744,120.981941,True
14.565805,120.9946792,False
35.3008554,-2.948413,True
14.5858597,121.0622087,True
7.094090899999999,125.6357277,False
14.6042343,121.0169631,False
14.4493008,120.9853613,True
14.5672559,120.9890332,True
14.555245,120.996229,True
14.5560714,121.0174579,False
14.5768,120.989578,True
14.5860739,120.9825134,False
14.5605569,121.0172374,True
14.6423189,121.033846,True
14.5742148,120.9824563,False
14.579862,120.9884835,True
14.5587936,121.0031364,True
14.5693844,120.9907422,False
15.1637802,120.5960627,False
14.5987402,120.9806275,True
49.2716031,-122.7897679,True
14.5522942,121.0070108,True
14.5776975,120.981448,False
14.5809822,120.9764328,False
14.6523272,121.013255,False
14.568675,121.024044,True
14.559909,121.019858,True
14.5767457,120.9898035,True
14.62274,121.048508,True
14.554367,121.0049101,True
14.5801898,120.989559,True
14.570403,121.022484,True
14.5626214,121.0431844,True
14.5800131,120.9863042,True
14.6101903,121.0258115,True
14.5683668,121.0286008,False
37.09024,-95.712891,True
14.5709212,121.0144193,True
14.5753129,120.9813627,True
14.6737879,120.9663791,True
14.590373,120.978108,True
14.573842,120.992858,True
14.5744152,120.9831236,True
14.5548479,121.0177415,True
14.5615911,121.0335083,True
14.5753697,120.9814704,False
14.559632,121.020278,True
14.4642693,121.014812,True
14.5735488,120.9908131,False
14.5513128,121.0178759,False
14.5714536,120.9883252,False
14.5687058,121.0243181,True
45.5345826,-122.6674144,True
14.570199,120.9915848,True
14.5742148,120.9824563,True
14.58274,120.983057,False
14.6110296,120.9962387,True
14.566561,120.985457,True
14.5516392,120.9899816,True
14.5799572,120.9861869,True
14.570255,121.006844,True
14.5791044,120.9876208,True
14.5762619,121.049738,True
14.6468102,120.967963,False
14.5789963,120.9977142,True
14.556535,121.017466,True
14.588545,120.968571,False
14.5794469,120.9786478,True
14.424383,121.025573,True
14.574128,120.983047,True
14.5710809,120.9845962,False
14.5711536,120.9845664,True
14.571827,120.993118,True
14.5780324,120.9805244,True
14.590527,121.05729,False
14.5734895,120.9852324,True
14.5662813,120.9882507,True
14.534016,121.022867,False
14.5776931,120.9803725,True
14.5745103,120.9910356,True
14.5750585,120.9861252,True
19.6595743,-99.2085164,True
14.4791572,121.0549421,False
14.5448935,121.0114017,True
14.623842,121.0438,True
14.5609265,121.0223064,True
14.581,120.976,False
14.577135,120.981102,True
14.4604752,121.0057911,False
14.5528945,121.0069219,True
31.312171,-85.830615,True
14.5718543,120.9913932,False
33.115432,-117.112364,True
14.5687489,120.9926061,False
10.3173501,123.9620725,True
14.554729,121.0244452,False
14.566293,121.013141,False
14.5818835,120.9818513,False
10.2943699,123.904172,False
14.5762619,121.049738,False
14.5755429,120.9818065,False
14.5377512,121.0013809,True
10.738458,122.5625,True
14.5768,120.989578,True
14.636969,121.0011927,True
14.493218,120.987574,True
14.5652512,121.0460758,False
14.578036,120.978425,True
14.4775043,121.0333125,True
14.574052,121.072466,False
14.593168,120.974321,True
14.573525,120.9909056,True
14.5614203,121.0142526,False
14.4546106,121.0492766,True
14.574128,120.983047,False
14.568621,120.989844,True
14.572159,120.9857312,False
14.5740779,120.9827052,False
14.5230218,120.9972455,True
14.5869326,120.98575,True
14.6310782,121.0355649,False
14.580282,120.987345,False
14.5763956,120.9905353,True
14.579289,120.9805517,False
14.5979273,120.9786572,False
14.5738608,120.9831066,True
14.578496,120.990162,True
15.1778,120.616,False
14.577971,120.98211,True
14.577971,120.98211,True
14.5722344,121.0469019,False
14.554945,121.015091,True
14.580508,120.981051,False
14.5589798,121.0215547,False
14.5784165,120.989508,True
14.6020839,120.9740956,True
14.5796518,120.9810691,True
14.542068,121.018542,True
14.5819674,120.9810867,False
14.5727102,120.990605,False
14.5758266,120.9911194,True
14.5739026,120.9830178,True
10.3156992,123.8854366,False
14.572121,120.9898081,True
14.580568,121.059608,True
14.541311,120.992571,True
14.624166,121.042686,True
14.5931358,120.9732021,False
14.5762129,121.0504287,False
10.316207,123.908438,False
14.559545,121.008974,True
14.575108,120.980895,True
14.626447,121.060952,True
42.8073676,-9.0460525,True
14.561287,121.02726,True
14.574024,120.98097,False
14.570684,120.98748,False
14.5940477,121.002867,True
16.4241164,120.5929075,True
14.5860739,120.9825134,True
14.5558431,120.996404,True
14.5755784,120.9830743,True
14.579384,120.982609,True
14.537799,121.007397,True
14.596562,120.975968,True
14.5713517,120.9907955,False
14.5753697,120.9814704,False
13.1360293,123.7576491,True
14.565412,120.9979903,False
14.20558,121.155786,True
14.5569243,121.0202656,True
14.593533,120.973755,True
14.5713984,120.9841821,True
14.5709633,120.9843366,False
14.5749386,120.9806862,True
14.5933007,120.9804149,True
14.5819822,120.9811266,True
14.571539,120.992255,False
14.5811784,120.9811294,False
14.576314,120.989906,True
14.562575,121.043175,False
14.5830002,120.9830017,True
14.5464501,120.9950601,True
14.588498,120.976802,True
19.3663621,-98.9920746,True
14.5558431,120.996404,True
14.5800827,120.9797899,False
14.576476,120.990524,False
14.577135,120.981102,True
14.5789627,120.9824987,True
14.5504347,120.9982051,False
14.6063145,120.9935953,True
14.580282,120.987345,True
14.588914,121.0638406,True
14.6428276,121.0379877,True
14.5610414,121.0013953,False
10.601253,122.918417,True
14.5738608,120.9831066,False
14.564474,120.9902705,False
14.5725617,120.9856003,False
14.572218,120.9875769,False
14.5722167,120.986739,True
14.5722167,120.986739,True
14.5585329,121.0399429,False
14.5581932,121.032658,False
14.5860739,120.9825134,False
14.3433633,121.0511004,True
14.5904933,120.9740263,False
14.5737539,121.0010021,False
14.576159,120.991079,False
14.577027,120.979911,True
14.5284948,121.0249989,True
14.622807,121.045942,True
14.5752954,120.9824502,True
14.575594,120.981954,True
14.5555744,120.9920604,False
14.5703422,120.9920608,True
14.5788613,120.979895,False
14.574151,120.982308,True
14.611752,121.036441,True
14.60139,121.046587,True
14.5589385,121.0092516,True
14.5987995,120.9795133,True
14.5704046,120.9838467,False
14.5769485,120.982545,True
14.5705766,120.9913124,False
14.572218,120.9875769,True
14.55445,120.997435,True
14.5458819,121.0112466,False
14.5441676,121.0566431,False
14.5558711,121.0042052,True
14.57941,120.981271,True
14.578701,120.981708,True
14.56252,120.998614,True
14.580733,120.979562,False
14.5697495,121.0664752,True
14.5651188,121.0147127,True
14.4255449,121.0159495,False
14.57426,120.983049,True
14.5797828,120.9774597,True
14.572711,120.990601,True
14.6168381,121.0522354,True
14.5741924,120.9810895,False
14.574128,120.983047,True
14.5793024,120.9787941,True
14.563486,121.002903,True
14.6030544,121.0447426,True
14.5742148,120.9824563,False
14.580508,120.981051,True
10.3423736,123.9128763,False
14.5768,120.989578,True
14.5769485,120.982545,True
29.9604605,-90.06233399999999,True
14.5802434,120.9894752,False
14.5786924,120.9808831,True
14.5756102,120.993048,True
14.6259544,120.9863631,False
14.579384,120.982609,True
14.5166643,121.0523964,False
14.5779848,120.9784317,False
14.622641,121.045542,True
14.5788383,120.9795141,False
14.5888104,120.9685683,False
14.6345141,121.0454205,True
14.573668,120.989769,False
14.579463,120.9804344,False
14.5377512,121.0013809,True
14.572049,120.9836611,True
14.5742148,120.9824563,True
14.6205654,120.9659653,True
14.6152985,121.0577243,True
14.7092383,120.9472793,True
14.569043,120.9904645,True
14.537493,120.997812,True
14.560213,121.000969,False
37.710227,-97.442999,True
14.5776975,120.981448,False
14.4527051,121.0303245,False
14.5626883,121.0112609,False
14.573701,120.990683,True
14.5908337,120.9749985,False
14.5560706,121.0059359,True
14.488165,121.00451,False
14.575484,120.980286,False
38.6327105,-90.312812,True
14.567736,120.989298,False
14.5987402,120.9806275,True
14.5654241,121.0452943,True
14.4913708,121.0371213,True
14.5772983,120.9789275,True
14.4536766,121.0457983,True
14.5755429,120.9818065,False
14.570403,121.022484,False
14.5565855,121.0160839,True
14.572229,120.9931776,False
14.6732352,120.9817841,True
15.346386,120.593614,True
14.569899,120.992965,True
14.5727102,120.990605,True
14.5860739,120.9825134,False
14.5729322,121.0639214,False
14.5975933,121.0596328,False
14.574885,120.981576,True
14.566511,120.9857948,True
14.5791055,120.9800936,True
14.5734895,120.9852324,True
14.57223,120.991329,False
14.582685,121.0617698,False
14.5622404,120.995653,False
14.558351,121.016064,True
14.6127048,121.0554385,True
14.570199,120.9915848,False
14.573765,120.99414,False
14.5797828,120.9774597,True
14.5786732,120.9836799,False
14.5769485,120.982545,False
14.6775777,121.0594879,True
14.5335113,120.9936815,False
14.569195,121.016029,True
14.5719281,120.9824297,False
14.5742125,120.9831097,False
14.569301,120.999909,False
14.5405423,121.0120587,True
14.5709968,120.992195,False
14.636324,121.024194,False
14.631185,120.997981,False
14.560989,121.011377,True
14.5860743,120.9825154,False
14.565846,121.023308,True
14.578072,120.982277,True
14.558085,121.019689,True
14.5768,120.989578,True
14.5156352,120.9960465,True
14.5860739,120.9825134,True
14.5860739,120.9825134,False
14.5908337,120.9749985,True
14.580622,120.979318,False
14.554093,121.022641,True
14.5732323,121.0476402,True
40.72757670000001,-74.00009500000002,True
14.6110296,120.9962387,True
14.561312,121.018468,True
14.5852723,121.061324,False
14.636202,121.028268,False
14.587751,121.061439,True
14.5599282,121.0025004,True
14.5778903,120.9888472,True
14.56211,121.001197,False
14.5757363,120.980343,True
14.593229,120.974064,False
14.5719125,120.9822017,False
14.5504235,121.0100494,False
14.5762619,121.049738,False
14.623141,121.029028,True
14.552754,120.991756,True
14.5742148,120.9824563,True
14.571251,120.983481,False
14.575594,120.981954,True
14.5779805,120.9797899,True
14.524152,121.055826,False
14.552184,121.013461,False
14.6580012,120.9479229,True
14.570712,120.992644,False
14.5751888,120.9823465,True
14.578044,120.989641,False
14.5620643,120.9945069,True
14.620847,121.046535,True
14.5797828,120.9774597,True
14.559867,121.013696,True
14.6909312,121.0059515,True
14.5758569,120.9911372,True
14.574128,120.983047,False
14.571252,120.9838339,True
14.6306487,120.9735029,True
14.5580835,121.0013446,False
14.5750999,120.9899979,True
14.6110296,120.9962387,True
14.5742148,120.9824563,True
41.603409,-73.123841,True
26.7170937,-98.45448619999999,True
14.537379,120.997732,True
14.575209,120.988427,True
14.5756102,120.993048,True
14.554044,120.991793,True
14.555024,120.989625,True
14.5928034,120.9776836,True
14.5774095,120.9813475,True
14.572287,120.991625,True
14.572664,120.991381,True
14.5748716,120.9917002,True
14.559794,121.001154,False
14.5429361,121.001625,False
14.636735,121.027479,True
14.5699166,121.0292688,True
14.5767457,120.9898035,False
14.5661719,120.986188,True
14.593126,120.974291,True
14.5537727,121.0055725,True
14.5753697,120.9814704,True
15.1393003,120.586998,True
14.5650662,121.0005272,True
14.581463,120.981027,False
14.6482374,120.9864446,True
14.5755345,120.9899507,True
14.562198,120.999161,True
14.571251,120.983481,True
14.5656007,121.031113,False
14.608284,121.038555,True
10.323901,123.914676,False
14.536434,121.003943,True
14.5763159,120.991602,False
14.577114,120.991723,False
14.547886,121.011215,False
13.9398985,121.1597157,True
14.5860739,120.9825134,True
14.577135,120.981102,True
14.5724104,120.9933257,False
14.579378,120.981032,True
14.5679697,120.9854965,False
14.5727102,120.990605,False
14.4997208,121.0180199,True
14.5561677,121.0153363,True
14.567823,120.985948,True
14.5737324,120.9895628,False
14.551938,121.019758,True
14.6315579,121.0487396,True
14.5231721,121.0004419,True
14.566333,121.012458,True
14.5706215,121.0212708,True
10.3162499,123.997376,False
14.5834782,121.1235574,True
14.570244,120.984449,True
14.558224,121.022295,True
14.574151,120.982308,True
14.561248,121.026968,True
14.5803085,120.9869234,True
14.5771581,120.9907633,False
14.578272,120.982523,False
14.558193,121.018567,False
14.5724189,120.9902897,False
14.4623928,120.979703,True
14.5635155,121.0592639,True
14.588498,120.976802,True
15.7269913,120.3637277,True
14.5589798,121.0215547,False
14.5777331,120.9789431,True
14.5770263,120.979675,False
14.5727102,120.990605,True
14.5572878,121.0035145,True
14.5639857,120.9983647,False
14.5858597,121.0622087,False
14.567655,120.985907,True
14.6294295,121.0470281,False
14.5631106,121.0146892,True
14.577833,120.9931357,False
14.574128,120.983047,True
13.037148,121.4829006,False
14.6008002,120.9732456,True
14.5783918,120.9827542,True
14.566511,120.9857948,True
29.69066759999999,-95.5890857,True
14.4925928,120.9913962,True
14.5555649,120.9970729,False
14.575594,120.981954,True
14.5580656,121.017005,True
14.5749386,120.9806862,True
14.575651,120.989748,True
14.5791044,120.9876208,True
14.579031,120.980345,True
14.5761101,120.9903656,True
14.558224,121.022295,True
14.574151,120.982308,True
14.561248,121.026968,True
14.5803085,120.9869234,True
14.5771581,120.9907633,False
14.578272,120.982523,False
14.558193,121.018567,False
14.5724189,120.9902897,False
14.4623928,120.979703,True
14.5635155,121.0592639,True
14.588498,120.976802,True
15.7269913,120.3637277,True
14.5589798,121.0215547,False
14.5777331,120.9789431,True
14.5770263,120.979675,False
14.5727102,120.990605,True
14.5572878,121.0035145,True
14.5639857,120.9983647,False
14.5858597,121.0622087,False
14.567655,120.985907,True
14.6294295,121.0470281,False
14.5558142,121.0228987,True
14.577833,120.9931357,False
14.574128,120.983047,True
13.037148,121.4829006,False
14.6008002,120.9732456,True
14.578179,120.982623,True
14.566511,120.9857948,True
29.69066759999999,-95.5890857,True
14.4925928,120.9913962,True
14.5555649,120.9970729,False
14.575594,120.981954,True
14.5580656,121.017005,True
14.5749386,120.9806862,True
14.575651,120.989748,True
14.5791044,120.9876208,True
14.579031,120.980345,True
14.5761101,120.9903656,True
14.63224,121.019053,False
14.575575,120.981929,True
14.5819273,120.9812888,False
14.56291,121.013705,True
14.621336,121.023363,True
37.7212827,-97.2608339,True
14.5770263,120.979675,False
14.5546529,121.0043032,False
14.5732323,121.0476402,True
14.5578417,121.0035133,False
14.5934353,121.0945129,False
14.559517,120.98796,True
10.297912,123.901717,True
14.5770263,120.979675,False
14.5635155,121.0592639,True
14.581441,120.980653,True
14.5776931,120.9803725,False
14.624726,121.123013,True
33.7773801,-118.4042545,True
14.5727915,120.9929804,False
14.5818888,120.9892576,False
14.576626,120.989994,False
14.551912,121.005196,False
14.6203718,121.0178925,True
14.5691062,121.0257189,False
14.5860739,120.9825134,True
14.5804793,120.980417,True
14.116682,122.94714,True
14.5534,120.996445,False
14.5709633,120.9843366,True
14.5860739,120.9825134,False
14.5735281,120.9821428,False
14.6910538,121.0276419,True
14.6150451,121.0170191,True
14.5380424,120.9976214,True
14.7550222,121.045577,True
14.5555042,121.0022282,True
14.605369,121.054548,True
14.5595334,121.0075097,True
19.3663621,-98.9920746,True
14.565986,120.984835,True
36.086061,-95.89746199999999,True
14.5719858,120.9884387,True
14.5777178,120.9798253,True
14.5904933,120.9740263,True
14.557062,121.017309,False
14.572386,120.991488,False
14.5749386,120.9806862,True
14.4286028,121.027034,True
14.5987402,120.9806275,True
14.5805136,120.9812447,True
14.5769485,120.982545,True
14.6234068,121.0543063,True
14.5755429,120.9818065,True
14.575861,121.04933,True
14.563879,121.0556811,True
14.485867,121.028415,True
14.6331539,121.0394322,False
14.5860739,120.9825134,True
14.5709846,121.0033583,False
14.5800869,120.9784117,False
14.612619,121.034508,False
14.4532059,121.0331879,True
14.5524747,121.0154566,True
14.5769485,120.982545,True
14.5804793,120.980417,True
14.569978,120.984209,True
14.557884,121.001652,False
14.5514836,120.9977402,False
14.5722614,120.9913244,True
14.579457,120.987556,True
14.571325,120.984376,False
14.637786,121.026536,True
14.5527805,121.0177863,True
13.758946,121.0759475,True
14.6439858,120.9826792,False
14.572344,120.983996,True
14.572275,120.989882,False
14.6216549,121.0480658,True
16.4199414,120.5973422,True
14.566333,121.012458,False
14.570199,120.991585,True
14.6688632,120.9996034,True
7.069963,125.614062,True
14.482525,120.995932,False
14.534518,121.009115,False
14.5802685,120.9790729,False
14.5779765,120.9920266,True
14.5963103,120.9766529,True
14.5746039,120.9916417,True
14.607896,121.020468,False
14.668699,121.018739,False
14.599753,121.028091,True
14.624202,121.136651,True
14.566511,120.9857948,True
14.576754,120.989502,True
14.6281657,121.0480225,True
14.5701102,121.0249333,True
28.367565,-80.6905219,True
14.570199,120.991585,True
14.698079,120.996227,True
14.538528,121.017026,True
14.580622,120.979318,False
28.4817167,-81.45805279999999,True
28.4817167,-81.45805279999999,True
14.5797828,120.9774597,False
14.6084049,121.0038321,False
14.6762328,121.0692853,False
14.574128,120.983047,True
14.574286,120.992202,False
14.5727102,120.990605,False
14.5794469,120.9786478,True
14.582787,120.983065,True
14.5797375,120.9810447,True
14.5755429,120.9818065,True
14.565738,120.9849563,False
14.629866,121.043261,True
14.514272,121.003578,True
14.4581924,121.0324511,True
14.548848,120.991171,True
14.5865426,121.0466123,True
14.622641,121.045542,True
14.570199,120.991585,False
14.5564976,121.005038,False
14.5784744,120.981941,True
14.576168,120.99107,False
14.5831566,120.9804382,True
14.5786924,120.9808831,False
14.5711536,120.9845664,True
14.5520595,121.0033073,True
14.4904386,120.9914607,False
14.575421,120.992649,True
14.5830002,120.9830017,True
14.562328,121.043038,True
14.5659416,120.9846969,False
14.466938,121.016001,False
14.7068178,121.069175,True
14.5718709,120.9838026,True
14.577135,120.981102,True
14.5768,120.989578,True
14.681537,121.079228,True
14.57426,120.983049,True
14.5711536,120.9845664,True
14.5619309,121.0046652,False
14.5555649,120.9970729,True
14.579463,120.9804344,True
14.5618739,121.0047936,True
14.5420234,120.9975436,False
14.5864736,121.0476645,True
14.5566034,121.0207745,True
14.5812321,120.9804574,False
14.5776975,120.981448,True
14.568923,120.9930981,False
14.581188,120.980495,True
14.5448041,120.991619,True
14.5448041,120.991619,True
7.067611599999999,125.611299,True
38.1673994,-105.3190387,True
14.5604464,121.0047768,False
14.5579156,121.0172904,False
14.604887,121.049253,False
14.596562,120.975968,True
14.5748623,120.9979984,True
14.5694042,121.0251376,True
14.5677541,120.9895683,False
14.6515518,120.9846325,True
7.066927199999999,125.6110188,False
14.553946,120.998737,True
14.4809926,120.9927913,True
14.442437,120.992089,False
14.5561677,121.0153363,True
14.586976,120.995686,False
14.5783854,120.979609,False
14.5563673,121.0031058,False
14.562607,121.023147,False
14.5500511,120.9927752,True
14.566725,120.986359,False
14.5561684,121.0020502,True
42.4186138,-83.59430669999999,True
14.572229,120.9931776,False
14.5769485,120.982545,False
14.5819518,120.9818474,False
14.559699,121.041049,True
14.5838034,120.9842737,False
14.584651,120.9735279,True
14.591283,120.974195,False
14.6068885,120.9911495,False
14.5895575,120.9757067,True
14.5768,120.989578,True
14.570095,121.024876,True
14.5933575,120.9606449,False
14.4694949,121.0449037,False
14.5605569,121.0172374,False
14.591523,120.974831,True
7.0631993,125.597983,False
14.5742148,120.9824563,True
14.580856,120.979806,False
14.5532259,120.990819,True
29.005249,-80.87618990000001,True
14.5844484,121.0623113,True
14.580622,120.979318,False
14.561466,121.028277,True
14.4642693,121.014812,False
14.4642693,121.014812,True
14.4642693,121.014812,False
14.5662844,121.045711,True
14.570589,120.992202,False
14.5606242,121.0188615,True
14.5384913,120.9814767,False
14.5797828,120.9774597,True
29.9371087,-90.06148770000001,False
29.4234607,-98.48707789999999,True
14.598707,120.980164,True
14.579463,120.9804344,True
13.2350501,123.7785973,True
14.575448,120.980424,True
14.5803437,120.9792566,False
14.578501,120.981922,True
14.5719281,120.9824297,False
14.570218,121.0218649,True
14.5529906,120.9897429,False
14.104041,120.8929541,False
14.554729,121.0244452,True
14.5524747,121.0154566,False
14.5610756,121.026534,True
14.5727102,120.990605,True
14.6110296,120.9962387,True
14.5340139,121.0228934,True
14.5688129,120.9919428,True
14.5867062,121.0611897,False
14.5909087,120.9724921,True
7.0963014,125.6142051,True
14.5678186,121.0125646,True
14.5678186,121.0125646,True
14.5681609,121.0227604,True
14.5908562,120.9661209,True
14.5910716,120.9701732,True
14.5592063,121.0175979,True
14.5688129,120.9919428,False
14.5648399,120.9944244,False
14.579792,120.9779077,True
10.7003503,122.5580679,True
14.5625341,121.0232069,True
14.5650083,121.013714,True
14.5321887,120.994292,False
14.624198,121.051292,True
8.477193999999999,124.644213,True
14.5860739,120.9825134,True
14.5571158,121.0081041,True
14.5789226,120.9808224,True
14.5798609,120.988221,True
14.658907,121.03589,False
14.6326917,121.0455591,True
16.039477,120.336194,True
14.5739478,120.9818052,False
14.572827,120.994458,True
14.5530444,120.9912823,False
14.5768,120.989578,True
14.5749386,120.9806862,False
14.565986,120.984835,False
14.6179529,121.0061203,True
14.6179529,121.0061203,True
14.5769485,120.982545,True
14.5777331,120.9789431,True
-6.774788999999999,-79.8346715,True
14.5610756,121.026534,True
14.5784744,120.981941,True
14.570942,121.072021,False
40.672542,-73.8296269,True
30.2400011,-89.55473839999999,True
14.520038,120.996413,False
14.5761,121.050514,True
14.5550554,121.0161624,True
14.578883,120.987654,True
14.5079014,120.99443,True
14.562258,121.0261396,True
14.571353,120.992128,True
14.575588,120.980173,False
14.5819671,120.9858127,True
44.1687496,-87.676937,True
14.572844,120.990364,False
14.42597,121.025927,False
14.426677,121.025409,False
14.5784744,120.981941,True
14.556261,121.0177,False
14.6235862,121.0541546,True
14.5702757,120.9914719,False
14.5508238,121.0438233,True
14.615642,121.0374905,False
14.576803,120.9823909,False
14.5784744,120.981941,False
14.5720053,120.9839293,False
16.414623,120.5907412,True
14.554317,121.005413,False
10.3402623,123.9415518,True
14.587101,121.061973,False
13.758946,121.0759475,True
8.948092299999999,125.5381232,True
14.5788136,120.9836233,False
14.5574149,121.0399602,True
30.3045813,-81.6546193,True
14.570457,120.992041,False
14.615515,121.057582,True
14.5750571,120.9804824,True
14.6187701,121.0920671,True
14.5931358,120.9732021,True
14.5590187,121.0215494,True
10.3222421,123.9141507,False
14.6543796,121.0300608,True
14.575381,120.982119,False
13.758946,121.0759475,True
8.948092299999999,125.5381232,True
14.5788136,120.9836233,False
14.5574149,121.0399602,True
30.3045813,-81.6546193,True
14.570457,120.992041,False
14.615515,121.057582,True
14.5750571,120.9804824,True
14.6187701,121.0920671,True
14.5931358,120.9732021,True
14.5590187,121.0215494,True
10.3222421,123.9141507,False
14.6543796,121.0300608,True
14.575381,120.982119,False
14.577883,120.978894,False
14.629489,121.0321,False
14.5614596,121.0294902,True
14.5795273,120.9810424,True
14.5788798,120.9794444,False
14.557475,121.006433,False
14.574127,120.992869,True
14.5738709,121.0429164,True
14.57266,120.991358,False
14.442437,120.992089,True
14.5620067,120.9960575,True
14.5792744,120.9788972,False
14.5777178,120.9798253,True
14.573821,120.9922794,True
14.5802685,120.9790729,True
14.556255,121.018409,True
14.430275,121.015452,True
14.578537,120.980966,True
14.5550045,121.0186261,False
14.572079,120.988467,True
14.566754,120.999566,False
14.574128,120.983047,True
14.5770263,120.979675,True
14.578537,120.980966,False
14.623839,121.045686,True
14.6440203,121.0537836,True
14.5553055,121.0193095,True
7.0519571,125.5907196,False
14.6237432,121.0317049,True
14.572036,120.9837549,True
7.118904199999999,125.6270997,True
14.5761101,120.9903656,False
14.5778953,120.9919787,True
10.315761,123.960647,False
14.5250975,120.9926561,True
14.5615202,121.0044884,True
14.5379766,120.9999097,False
14.5769485,120.982545,True
14.566947,121.02993,True
14.6760413,121.0437003,True
16.066269,120.405218,False
14.5804262,120.9798736,True
14.5448103,120.9942815,False
14.5596917,120.991308,True
14.5860743,120.9825154,True
14.5790148,120.9926248,True
14.5795965,120.9808658,True
14.57604,120.9841859,False
14.627863,121.052458,False
14.5860739,120.9825134,True
14.596682,120.974332,False
14.6254597,121.0580529,False
14.574128,120.983047,True
14.646901,120.983418,False
14.56242,121.0243982,True
14.551464,121.016268,True
14.594605,120.97659,True
14.6119904,121.0580059,True
14.586633,121.046456,False
14.5400763,120.9982857,True
14.6348344,121.0231421,True
14.5876823,121.02485,True
14.574128,120.983047,True
14.5785912,120.9945341,False
14.633252,120.993904,True
14.577354,121.057715,True
14.5749386,120.9806862,True
14.5764294,120.9819434,False
14.5776975,120.981448,False
14.602298,121.013814,True
14.631241,120.999139,True
14.5739026,120.9830178,True
14.570199,120.9915848,True
14.578049,120.979852,True
14.5718709,120.9838026,True
14.5818011,121.0602962,True
14.5715141,120.9843385,True
14.578072,120.982277,True
14.5441934,120.9944314,True
14.595393,121.058781,False
14.5380424,120.9976214,False
14.600985,121.013271,True
14.5769485,120.982545,False
14.5699186,120.9830118,True
14.5756073,120.9827653,True
14.528817,121.004693,True
14.5769485,120.982545,True
14.57426,120.983049,True
14.6022179,121.0176064,False
14.555218,121.020765,True
14.556537,121.017518,True
14.583133,120.983962,False
14.556915,120.991428,False
14.590296,120.974187,True
14.5987402,120.9806275,True
14.6046736,121.0533264,False
14.624357,121.056461,True
14.5727102,120.990605,True
14.5796518,120.9810691,True
14.553847,121.015316,True
14.5933447,120.9741031,True
14.57426,120.983049,True
14.5612401,120.9939688,True
14.5706265,120.9912173,False
14.559853,121.0507916,True
14.584642,121.062674,True
41.3968095,-81.48419229999999,True
14.5819518,120.9818474,False
14.5770263,120.979675,False
14.562401,121.024616,True
14.570218,121.0218649,True
14.5770263,120.979675,True
14.554729,121.0244452,True
14.5982051,120.9786247,True
14.5778953,120.9919787,True
