14.5727102,120.990605,Ceased Operations
7.075518,125.619161,Delisted
14.6546006,121.0298458,Delisted
14.6330548,121.0025248,Cancelled
14.6163749,121.0628335,Cancelled
14.573106,120.988724,Cancelled
14.5727102,120.990605,Denied Renewal
14.5747804,120.9972775,Delisted
14.6516057,120.9830762,Cancelled
14.5512604,121.0182343,Delisted
14.616512,121.005056,Delisted
14.5722482,120.991326,Delisted
14.5794555,120.9808946,Forever Banned
14.631272,120.999141,Delisted
19.1936089,-100.1355408,Inactive
14.6049031,121.0572486,Delisted
14.5621137,121.0002687,Cancelled
14.8289167,120.2804886,Delisted
14.571112,121.024832,Delisted
14.5560034,121.0054315,Cancelled
14.564364,121.014459,Delisted
14.557193,121.016929,Delisted
14.572085,120.984374,Delisted
14.573423,120.995103,Cancelled
14.6090537,121.0222565,Cancelled
14.6163986,120.9584279,Inactive
14.593168,120.974321,Inactive
14.5729762,120.9925836,Delisted
14.5570185,121.0156073,Denied Renewal
14.6316246,121.0487181,Cancelled
14.578535,120.98306,Cancelled
14.5588176,120.9901293,Delisted
14.5750774,120.9906714,Delisted
14.5576121,121.0134854,Delisted
14.5865183,121.0613688,Cancelled
14.606427,121.010724,Inactive
10.316443,123.886685,Delisted
14.5638626,121.0145136,Delisted
14.5932139,120.9862583,Forever Banned
14.5698071,120.9861984,Cancelled
14.5830002,120.9830017,Cancelled
14.5742258,120.9930127,Cancelled
10.71647,122.5588841,Cancelled
14.63443,121.020991,Delisted
14.5526363,121.0154566,Delisted
14.6433729,121.0512967,Cancelled
14.569864,120.995454,Delisted
14.6138589,121.0515586,Delisted
14.541639,121.016535,Delisted
14.5776943,120.9814629,Forever Banned
14.5453701,121.0137311,Delisted
14.6084687,120.993435,Inactive
14.610915,120.994009,Delisted
14.5685317,121.0281027,Cancelled
14.562152,121.01211,Delisted
14.4276994,121.0248869,Delisted
14.605194,121.042452,Delisted
14.5572911,121.0334124,Delisted
14.628383,121.037403,Cancelled
14.423619,121.023639,Delisted
14.5944336,120.9746164,Delisted
14.577676,120.97905,Cancelled
14.5617043,120.9957181,Delisted
14.559866,121.0008988,Cancelled
14.6702973,121.0327709,Revoked
10.309939,123.894109,Delisted
14.5562469,121.0156358,Inactive
14.561138,121.013752,Forever Banned
14.5464501,120.9950601,Delisted
14.5995124,120.9842195,Denied Renewal
14.579506,121.046856,Delisted
14.574128,120.983047,Cancelled
14.552787,121.007184,Forever Banned
14.604722,121.057435,Delisted
14.575394,120.982131,Cancelled
14.5793937,120.9907723,Cancelled
14.557674,121.003542,Delisted
14.571371,120.983888,Cancelled
14.5740758,121.0839726,Delisted
14.5274791,120.9937608,Cancelled
14.382169,121.0465316,Delisted
14.573292,120.991007,Forever Banned
14.637621,120.999994,Delisted
14.5688129,120.9919428,Cancelled
14.5682676,120.9878084,Cancelled
14.565887,121.009649,Cancelled
14.5546529,121.0043032,Suspended
14.6482581,121.0283723,Cancelled
14.575394,120.982131,Cancelled
14.645719,120.968085,Delisted
14.574489,120.983955,Delisted
14.5600799,121.0129666,Delisted
14.5523349,121.0175175,Cancelled
14.575019,120.98079,Delisted
14.635437,121.008564,Delisted
14.6183033,121.0519418,Delisted
14.566143,121.012462,Delisted
14.5719493,120.9935246,Delisted
14.564543,121.015305,Delisted
14.580859,120.979951,Cancelled
14.581229,120.980412,Cancelled
14.5830002,120.9830017,Cancelled
14.574346,120.9855462,Delisted
14.5762115,120.9907538,Cancelled
14.632813,121.043315,Cancelled
14.5760279,120.9807719,Delisted
14.5538492,121.0061029,Cancelled
10.308867,123.904125,Delisted
14.5755725,120.9830594,Delisted
14.570239,121.1311385,Delisted
14.5762619,121.049738,Expired
14.5719514,120.9839496,Delisted
14.577644,120.980339,Cancelled
41.30651599999999,-81.8334893,Delisted
10.3172488,123.8932921,Delisted
14.5631106,121.0146892,Cancelled
14.556291,121.015677,Cancelled
14.5820086,121.1032678,Delisted
14.6555957,121.0291817,Delisted
14.575394,120.982131,Delisted
14.569974,120.984922,Cancelled
14.581724,121.060237,Suspended
14.624387,121.064254,Cancelled
14.5736761,120.9927673,Delisted
14.616964,121.0011699,Forever Banned
14.6406688,121.0187671,Delisted
14.5749386,120.9806863,Inactive
14.5639241,121.002522,Delisted
14.569243,121.0161685,Delisted
15.163515,120.576131,Cancelled
14.5906294,121.0341717,Delisted
14.5519039,121.0051234,Delisted
14.621231,120.96537,Delisted
14.585454,120.9938507,Cancelled
14.5819518,120.9818474,Delisted
14.5973287,120.9785351,Delisted
14.5685317,121.0281027,Delisted
14.6148497,121.0185933,Delisted
14.67166,121.0409456,Cancelled
14.553925,121.022173,Delisted
15.312163,120.9474806,Delisted
14.5973287,120.9785351,Delisted
14.585859,121.048451,Cancelled
14.579972,120.979744,Delisted
14.586283,121.062791,Delisted
14.576754,120.989508,Cancelled
14.5746709,120.9887892,Delisted
14.568479,120.9871952,Delisted
14.5787254,120.9903778,Delisted
14.537669,121.0021747,Delisted
14.5771834,121.0109356,Cash Bond Withdrawn
14.5579033,121.0039968,Delisted
14.564364,121.014459,Delisted
14.667368,121.052489,Delisted
14.626321,121.071917,Cancelled
14.5525843,121.013463,Suspended (Document Processing)
14.6909548,120.9732872,Cancelled
14.6165943,121.0772247,Cancelled
14.64482,121.017028,Delisted
14.5627548,121.0118978,Delisted
14.5777143,120.9884048,Cancelled
14.588131,120.978325,Delisted
14.5507978,120.9870523,Cancelled
14.584757,120.991116,Cancelled
14.545296,120.9941545,Cancelled
14.5624677,121.0298634,Delisted
14.5519936,121.0155686,Delisted
14.571349,121.02741,Delisted
14.566849,121.007886,Delisted
14.558085,121.019689,Cancelled
14.5793048,120.9873184,Delisted
14.5673807,120.9849573,Delisted
14.5857307,121.0099359,Delisted
14.5577105,121.0336869,Delisted
14.6158513,120.997479,Delisted
14.6524278,121.0220037,Cancelled
14.572604,120.98528,Forever Banned
14.569433,120.991723,Cancelled
14.5991099,121.0333303,Delisted
14.5832564,120.9870505,Delisted
14.642104,121.033687,Expired
14.6422071,121.0336444,Delisted
14.5557256,121.0180413,Cancelled
14.559909,121.019858,Delisted
14.576266,120.982606,Cancelled
14.566849,121.007886,Denied Renewal
14.5762115,120.9907538,Forever Banned
14.575588,120.980173,Cancelled
14.590491,120.974029,Delisted
14.5698274,121.0239414,Cancelled
14.6356317,121.0321992,Forever Banned
14.5794469,120.9786478,Delisted
14.572848,120.993921,Cancelled
14.5464501,120.9950601,Cancelled
14.5761099,120.981906,Cancelled
14.5761099,120.981906,Delisted
14.5611189,120.9940623,Cancelled
14.7031002,121.0559998,Inactive
14.5561311,121.0236101,Inactive
14.5747789,120.9902087,Delisted
14.583459,121.051406,Forever Banned
14.5769485,120.982545,Cancelled
14.5776571,120.978747,Cancelled
14.634765,121.034659,Inactive
14.567879,120.986691,Ceased Operations
14.6023936,120.9591289,Delisted
14.5823098,120.9948907,Cancelled
14.579373,120.980997,Delisted
14.5696701,120.9848887,Cancelled
14.5788958,120.9872409,Cancelled
14.56036,121.0128456,Forever Banned
14.554688,121.02061,Delisted
14.6482581,121.0283723,Cancelled
14.579463,120.9804344,Delisted
14.6238177,121.0312018,Forever Banned
14.613593,120.99255,Delisted
14.5505684,120.9953347,Forever Banned
14.5757363,120.980343,Cancelled
14.4751492,121.0240094,Inactive
14.6153079,121.0655743,Delisted
14.5824516,121.0615479,Cancelled
14.5787318,120.9880578,Cancelled
14.5746141,120.9920015,Cancelled
14.612997,121.033681,Cancelled
14.5795758,120.9802704,Delisted
14.5747804,120.9972775,Cancelled
14.6225076,121.0266456,Cancelled
14.6439846,120.9838325,Cancelled
14.6404262,120.9756914,Delisted
14.5400585,121.0040623,Delisted
14.569112,120.986901,Cancelled
14.565415,121.002758,Delisted
14.590712,121.08765,Cancelled
14.5683248,121.0152115,Suspended (Document Processing)
14.55278,120.99479,Delisted
14.6655566,121.0298473,Delisted
14.626765,121.070353,Cancelled
14.577813,120.992035,Delisted
14.556941,121.015485,Delisted
14.579952,121.020857,Delisted
14.5617465,121.0226311,Delisted
14.5565748,121.0214233,Cancelled
14.645711,121.036159,Ceased Operations
14.5784879,120.9818262,Delisted
14.5706778,121.0260412,Delisted
14.629628,121.0419232,Cancelled
14.5732501,120.9925905,Delisted
14.5742414,120.9922252,Delisted
14.5644942,121.0310295,Ceased Operations
14.571876,120.991602,Delisted
14.5931358,120.9732021,Delisted
14.6097798,120.9928193,Delisted
14.5736814,120.9897614,Delisted
14.6061495,121.0412899,Delisted
14.5555649,120.9970729,Delisted
14.585859,121.048451,Cancelled
14.5741924,120.9810895,Cancelled
14.6192726,121.0256026,Cancelled
14.5430984,121.0028051,Delisted
18.356968,121.6397821,Delisted
14.5628831,121.0111557,Delisted
14.622031,121.096181,Delisted
15.3329773,119.975756,Cancelled
14.557796,121.011106,Delisted
14.5800869,120.9784117,Delisted
14.5792728,120.9818135,Cancelled
14.5898343,120.9750395,Cancelled
14.551834,121.017867,Delisted
14.5555392,121.0171591,Cancelled
14.569328,121.024113,Delisted
14.559945,121.003455,Delisted
14.6171052,121.0010427,Cancelled
14.623521,121.048497,Delisted
14.657502,120.996657,Delisted
14.5583752,121.0221226,Expired
14.5662771,121.0139466,Delisted
14.635491,121.032937,Delisted
14.5584675,121.0047951,Cancelled
14.587675,121.045801,Cancelled
14.5541632,120.997194,Forever Banned
14.672801,121.078932,Delisted
14.5794469,120.9786478,Expired
14.6352072,121.0240581,Delisted
14.5340139,121.0228934,Inactive
14.5751247,120.9898224,Delisted
14.601149,120.970418,Inactive
14.635336,121.032419,Inactive
14.6171343,121.0391988,Forever Banned
14.56839,121.022796,Delisted
10.2944289,123.905657,Delisted
14.5934916,120.9775238,Expired
14.5847157,120.9914661,Delisted
10.7309209,122.5773228,Delisted
14.5769485,120.982545,Cancelled
14.575588,120.980173,Delisted
14.575588,120.980173,Delisted
14.5712036,120.9912623,Delisted
14.63165,121.048556,Forever Banned
14.5771897,120.9905975,Cancelled
14.579285,120.980367,Delisted
14.579285,120.980367,Delisted
14.5925654,120.9724628,Delisted
14.5931358,120.9732021,Inactive
14.593126,120.974291,Delisted
16.6118484,120.3120089,Delisted
14.5498484,121.0063003,Revoked
14.5538,121.005105,Delisted
14.5540037,121.0188522,Delisted
14.563476,121.006413,Forever Banned
14.553804,121.015246,Cancelled
14.616739,120.988174,Delisted
14.6328341,121.0193252,Forever Banned
14.551982,121.006553,Cancelled
14.5627442,121.0303296,Delisted
14.590417,121.005956,Delisted
14.553199,121.073569,Delisted
14.6171926,121.0053601,Delisted
14.602697,121.005399,Delisted
14.572995,120.991585,Cancelled
14.612941,120.9900967,Delisted
13.781153,121.03454,Cancelled
14.572604,120.98528,Cancelled
14.5886329,121.0432591,Forever Banned
14.580758,120.97976,Cancelled
14.6366144,121.0152703,Cancelled
14.5677854,120.9962558,Delisted
10.3091042,123.8952266,Delisted
14.573925,121.036399,Delisted
14.557884,121.001652,Delisted
14.5647905,120.9863578,Delisted
14.5896472,121.0704491,Cancelled
14.5632944,120.9877319,Expired
14.5702822,120.9927629,Cancelled
14.556949,121.02023,Cancelled
14.439304,121.002944,Delisted
14.5656508,121.0007486,Delisted
14.620072,121.051346,Delisted
14.5523349,121.0175175,Delisted
14.651391,120.9885277,Inactive
14.5655211,121.0083482,Delisted
14.611026,120.995824,Cancelled
14.5631463,121.0146054,Delisted
14.5769485,120.982545,Cancelled
14.426585,121.025245,Delisted
14.7135606,121.0661011,Delisted
14.545296,120.9941545,Delisted
14.5794573,120.9965651,Delisted
14.632901,121.035046,Delisted
14.5778363,120.9803885,Delisted
14.5743817,120.9843278,Delisted
14.5582897,121.016238,Delisted
14.5818486,120.9974493,Delisted
14.587142,120.972497,Delisted
14.5873603,120.9728649,Delisted
14.5819674,120.9810867,Suspended
14.643038,121.031883,Delisted
14.6247605,120.9983514,Cancelled
14.619449,121.0380874,Forever Banned
14.6100596,121.0992787,Delisted
14.5720617,120.9896258,Cancelled
14.570684,120.992642,Cancelled
14.570938,120.984576,Cancelled
38.9035745,-77.03343989999999,Cancelled
14.570218,121.0218649,Cancelled
14.5617043,120.9957181,Delisted
14.5570185,121.0156073,Cancelled
14.56852,120.984757,Delisted
14.602953,121.045574,Delisted
14.572769,120.986514,Cancelled
14.5670067,121.0004282,Delisted
14.5532776,121.0061902,Delisted
14.589108,120.977904,Delisted
14.5778953,120.9919787,Delisted
14.565759,121.007397,Delisted
14.5352775,120.9930039,Delisted
14.5784744,120.981941,Forever Banned
14.6359904,121.0237682,Delisted
14.6359904,121.0237682,Cancelled
14.57426,120.983049,Cancelled
14.575588,120.980173,Delisted
14.5743933,120.9832146,Cancelled
14.562935,121.0283362,Delisted
14.597811,120.97526,Cancelled
14.5776943,120.9814629,Forever Banned
14.6151318,121.0470954,Inactive
14.570209,121.023089,Forever Banned
14.5464501,120.9950601,Delisted
14.554075,120.991613,Cancelled
14.56261,121.0109802,Delisted
14.5749913,120.9944218,Cancelled
14.4790582,120.9968646,Forever Banned
14.66181,120.945933,Delisted
14.580951,120.979898,Cancelled
14.6333332,121.0333328,Cancelled
14.4503466,121.0348136,Forever Banned
14.6206128,120.9827816,Cancelled
14.559164,121.009748,Delisted
14.6231293,121.00277,Forever Banned
14.5405423,121.0120587,Delisted
14.5775873,120.9891109,Suspended
14.5709633,120.9843366,Delisted
14.5799471,120.9814267,Cancelled
14.4742966,121.0208916,Cancelled
14.467558,121.015533,Delisted
14.55933,120.988164,Cancelled
14.6988358,121.0655434,Delisted
14.5738943,120.9906615,Delisted
14.6423842,120.9946616,Delisted
14.64603,121.078776,Delisted
14.5643982,121.0007646,Delisted
14.579363,120.980989,Cancelled
14.577795,120.991973,Cancelled
14.575588,120.980173,Cancelled
14.5909285,120.9851843,Cancelled
14.618054,121.060247,Cancelled
14.5528945,121.0069219,Delisted
14.5724157,120.9901035,Cancelled
8.0613752,123.749597,Delisted
14.5780527,120.9787222,Delisted
10.6464449,122.9379747,Delisted
14.5650083,121.013714,Delisted
14.575394,120.982131,Delisted
14.5844864,121.0494642,Delisted
14.6014554,120.9818424,Delisted
14.596749,121.054316,Cancelled
14.6202594,121.0195204,Cancelled
14.6202594,121.0195204,Delisted
14.5575185,121.015172,Delisted
18.46915,-69.93710899999999,Delisted
14.5264803,120.9938235,Delisted
14.5769485,120.982545,Cancelled
14.5071748,121.0009105,Forever Banned
14.580766,120.990404,Cancelled
14.570218,121.0218649,Forever Banned
14.6019983,120.9739279,Delisted
14.5742414,120.9922252,Forever Banned
14.55941,121.030252,Denied Renewal
14.497556,121.0502102,Delisted
14.5542918,121.0067442,Cancelled
14.5779183,121.0394646,Suspended
14.5600894,121.0036384,Cancelled
14.5800425,120.9895769,Delisted
14.579312,120.990584,Delisted
14.7480529,121.0739689,Delisted
14.6423231,121.0361529,Delisted
14.5640727,121.0026032,Delisted
14.57948,120.977879,Suspended
14.6225114,121.0266571,Inactive
14.5689116,120.9921495,Delisted
14.580784,120.979685,Cancelled
14.572841,120.9897011,Forever Banned
14.5790126,120.9874535,Delisted
14.559081,121.017166,Delisted
14.5779765,120.9920266,Delisted
14.59673,120.977312,Inactive
14.570926,120.984293,Delisted
14.5741924,120.9810895,Suspended
14.551374,121.01672,Delisted
14.5791187,121.0030895,Forever Banned
14.5631463,121.0146054,Delisted
14.5860739,120.9825134,Cancelled
14.5575185,121.015172,Cancelled
14.5709142,120.9879606,Cancelled
14.7046809,121.056443,Cancelled
14.692105,121.026276,Delisted
14.6113362,121.0085657,Delisted
14.6062512,121.0818443,Delisted
14.5846434,120.991244,Forever Banned
14.5650661,121.0085979,Cancelled
14.5610756,121.026534,Cancelled
14.5519936,121.0155686,Delisted
14.579228,120.978553,Cancelled
14.553512,121.016958,Forever Banned
14.5775049,120.9802043,Cancelled
14.5560205,121.0148292,Cancelled
14.67673,121.031532,Delisted
14.5560205,121.0148292,Inactive
14.5385141,120.9957053,Delisted
14.580568,121.059608,Delisted
14.5813809,120.9805428,Delisted
14.580634,121.006897,Cancelled
14.6030657,121.0236308,Cancelled
14.562627,121.012023,Cancelled
10.311692,123.894274,Cancelled
14.5576121,121.0134854,Delisted
10.3141435,123.8913202,Delisted
14.574357,121.046593,Delisted
14.5604928,121.0028426,Delisted
14.6017787,121.0065288,Cancelled
14.6333348,121.0221328,Delisted
14.7135606,121.0661011,Delisted
14.619762,121.046276,Delisted
14.5625952,121.0120352,Suspended
14.5893427,121.1011864,Inactive
14.573851,120.992119,Delisted
14.5792521,120.9893541,Cancelled
14.6438353,121.0358446,Delisted
14.5365614,120.9959288,Delisted
14.627094,121.033474,Forever Banned
14.5931358,120.9732021,Cancelled
14.635779,121.023468,Inactive
14.607372,120.990914,Cancelled
14.573238,121.041596,Ceased Operations
14.699575,121.024784,Delisted
14.583818,120.989738,Delisted
14.5524747,121.0154566,Cancelled
14.600047,120.979902,Forever Banned
14.5765845,120.9896412,Forever Banned
14.568761,120.992048,Delisted
14.570218,121.0218649,Forever Banned
14.5568984,121.0155801,Cancelled
14.6531611,121.0650968,Inactive
14.5758081,120.994173,Cancelled
14.5755569,120.9803188,Delisted
14.537708,121.019905,Delisted
14.60304,121.087617,Inactive
14.5442472,121.0166888,Forever Banned
14.5513128,121.0178759,Delisted
14.566725,120.986359,Delisted
14.3685562,121.0490692,Cancelled
14.584521,121.050085,Inactive
14.562868,121.0263507,Delisted
14.6158513,120.997479,Forever Banned
14.5713826,121.0314943,Inactive
14.6312111,121.0609698,Forever Banned
14.584651,120.9735279,Delisted
14.6413394,121.0354604,Delisted
14.576757,120.989508,Cancelled
10.2017431,123.7559628,Delisted
14.5401254,121.0122904,Delisted
14.6018294,121.0134854,Delisted
10.6971899,122.5689626,Cancelled
14.5107,121.0423665,Cancelled
14.557226,121.014516,Inactive
14.5906853,120.9981429,Forever Banned
14.605369,121.054548,Cancelled
14.567131,120.987629,Delisted
14.6644562,121.0441078,Cancelled
14.5636004,121.0140294,Delisted
14.5776444,121.0447558,Cancelled
14.5746709,120.9887892,Suspended (Document Processing)
14.5387,121.008236,Cancelled
14.583818,120.989738,Delisted
14.622431,121.045971,Delisted
14.6529828,120.9838166,Delisted
14.5727102,120.990605,Cancelled
15.4810057,120.9583031,Suspended
14.5549342,121.0174279,Forever Banned
14.6158211,120.9928981,Delisted
14.6240449,121.0320604,Delisted
14.641817,120.955674,Delisted
14.57197,121.009577,Cancelled
14.5652218,121.0297339,Inactive
14.5591324,121.009722,Cancelled
14.5789964,120.9895026,Delisted
14.4463658,120.9920171,Cancelled
10.308334,123.894267,Delisted
14.5747804,120.9972775,Forever Banned
14.5674437,121.0133178,Delisted
14.5776943,120.9814629,Delisted
14.5703422,120.9920608,Cancelled
14.608272,121.03792,Delisted
14.5769485,120.982545,Cancelled
14.605584,121.048935,Delisted
14.569842,121.024363,Cancelled
14.60139,121.046587,Inactive
14.60139,121.046587,Delisted
14.5791636,120.9828343,Delisted
14.425444,121.045055,Delisted
14.5769485,120.982545,Delisted
14.5580552,121.0034574,Cancelled
14.558049,121.0182343,Cancelled
14.562496,121.030661,Delisted
14.577895,120.987557,Forever Banned
14.5535254,121.0190413,Delisted
14.5806847,120.9913422,Delisted
14.5780527,120.9787222,Forever Banned
14.579862,120.9884835,Cancelled
14.634898,121.059957,Cancelled
14.5789986,121.0026245,Cancelled
14.5776624,120.9789696,Delisted
14.5780874,121.0650612,Delisted
14.6107109,121.0418393,Delisted
14.56387,120.998447,Delisted
14.554754,121.0178311,Delisted
14.530804,121.003932,Delisted
14.5661371,121.0116382,Cancelled
14.5793263,121.0583979,Delisted
14.5803845,120.981318,Cancelled
10.3183076,123.8930006,Delisted
14.589625,121.060972,Suspended
14.5524747,121.0154566,Forever Banned
14.6475,121.028514,Cancelled
14.579954,120.998915,Denied Renewal
14.5785647,120.9879176,Cancelled
14.6058125,120.9856536,Delisted
14.5796518,120.9810691,Cancelled
14.576472,121.049014,Delisted
14.576472,121.049014,Cancelled
14.5731316,120.9836439,Cancelled
14.5728208,120.9854587,Delisted
14.570218,121.0218649,Cancelled
14.626021,121.058953,Forever Banned
14.540084,121.01508,Cancelled
14.580634,121.006897,Delisted
14.5773275,120.9911523,Delisted
14.5936017,120.992098,Cancelled
14.575015,120.98079,Delisted
14.6357651,121.0182037,Delisted
14.5931358,120.9732021,Forever Banned
14.599736,121.048625,Expired
14.557587,121.010595,Delisted
14.584796,120.991243,Cancelled
14.557903,121.032934,Cancelled
14.578489,120.979737,Delisted
14.559242,121.011183,Cancelled
14.5883287,121.0441028,Delisted
14.5777331,120.9789431,Cancelled
14.579095,121.00266,Delisted
14.572928,121.0018689,Delisted
14.5558126,121.0220085,Delisted
14.5715857,120.988576,Cancelled
14.571883,121.025666,Delisted
14.5679101,120.9943289,Cancelled
14.5595269,120.9881204,Cancelled
14.5749908,120.9806954,Delisted
14.55237,121.017684,Delisted
14.579311,120.978924,Delisted
14.5780375,120.9899097,Cancelled
14.5787963,120.9885833,Forever Banned
14.5752954,120.9824502,Cancelled
14.56195,120.999271,Delisted
14.56195,120.999271,Delisted
14.572478,121.060602,Delisted
14.5783871,120.9795707,Cancelled
14.6379636,121.0044799,Delisted
14.6298372,121.0701042,Cancelled
14.5743898,120.9843472,Cancelled
14.7148718,120.9580308,Cancelled
14.5719968,120.9839325,Cancelled
14.571251,120.983481,Cancelled
14.5581835,120.9976168,Delisted
14.56821,120.98708,Delisted
14.5709633,120.9843366,Forever Banned
14.5709633,120.9843366,Cancelled
14.575015,120.980793,Cancelled
14.5726435,120.9943282,Delisted
14.5715415,120.9912539,Forever Banned
14.5574661,121.0401266,Delisted
14.5884759,121.0633192,Delisted
14.5565637,121.0063461,Delisted
14.5752954,120.9824502,Delisted
14.574128,120.983047,Cancelled
14.5599735,120.989213,Suspended (Document Processing)
14.5657396,120.9844589,Expired
14.5674851,120.985015,Delisted
7.1210027,125.6543717,Denied Renewal
14.6225465,121.0267654,Delisted
14.576525,120.9896693,Delisted
16.3861858,120.5762724,Delisted
14.6014781,121.0063247,Cancelled
14.599778,121.079885,Delisted
14.5769485,120.982545,Delisted
14.5904195,121.0339711,Cancelled
14.6056921,121.0814706,Delisted
14.6338651,121.056599,Delisted
14.5869748,121.0228293,Delisted
14.628604,121.059482,Delisted
14.5648555,121.0033999,Delisted
14.5556746,121.0173383,Delisted
14.603133,121.004857,Delisted
14.563424,121.011302,Cancelled
14.57345,120.9940239,Cancelled
14.6085585,120.979184,Delisted
14.554515,121.004514,Cancelled
14.6238604,121.038438,Cancelled
14.5568339,121.015194,Delisted
14.459021,121.031536,Delisted
14.5981567,120.9915052,Forever Banned
14.5769485,120.982545,Delisted
14.582743,120.985766,Delisted
14.5860739,120.9825134,Delisted
14.632813,121.043315,Delisted
10.30506,123.9001454,Delisted
14.578678,120.987161,Suspended
14.56211,121.001197,Delisted
14.574128,120.983047,Cancelled
14.6232986,121.0451112,Delisted
14.5780527,120.9787222,Delisted
14.5874557,121.0614034,Delisted
14.5793938,120.9789573,Delisted
14.617743,121.058678,Delisted
14.62475,121.044652,Cancelled
14.6438353,121.0358446,Delisted
14.5874557,121.0614034,Inactive
14.557247,121.019847,Delisted
14.5673807,120.9849573,Cancelled
14.56783,120.985526,Delisted
14.5719493,120.9935246,Delisted
14.582842,121.061801,Delisted
14.6219111,121.0475394,Delisted
14.603986,121.051912,Delisted
14.561152,120.9932937,Delisted
14.5532705,120.9979453,Forever Banned
14.5533116,121.0066107,Delisted
14.5576121,121.0134854,Cancelled
14.576866,121.049406,Delisted
14.541619,120.992432,Suspended (Document Processing)
14.562715,121.026372,Forever Banned
10.718076,122.5423321,Delisted
7.0607538,125.6015936,Cancelled
14.6000821,121.1006262,Cancelled
14.5707054,120.9841222,Delisted
14.5637663,121.0118965,Delisted
14.5780527,120.9787222,Inactive
14.554254,120.9978509,Delisted
14.5464501,120.9950601,Cancelled
14.572604,120.98528,Cancelled
14.6079636,120.9862086,Forever Banned
14.667466,120.9679404,Delisted
14.5680634,120.9938383,Cancelled
14.572825,120.9939099,Cancelled
14.57426,120.983049,Cancelled
14.5666861,121.0483523,Delisted
14.5830002,120.9830017,Cancelled
14.6017566,121.006939,Revoked
14.575394,120.982131,Cancelled
14.538571,121.011487,Delisted
14.5673807,120.9849573,Delisted
14.579516,120.988375,Delisted
14.632483,121.018945,Delisted
14.637979,121.025748,Cancelled
14.5830002,120.9830017,Cancelled
14.618649,121.050615,Delisted
14.5737324,120.9895628,Cancelled
14.575394,120.982131,Forever Banned
14.5741924,120.9810895,Expired
14.5714834,121.0159047,Cancelled
14.5594042,121.0028163,Delisted
14.5795363,120.9779973,Cancelled
14.5987034,121.017283,Delisted
14.566725,120.986359,Cancelled
14.5638349,121.0449215,Delisted
14.559105,120.996246,Delisted
14.571475,120.991823,Forever Banned
14.5769485,120.982545,Cancelled
14.70167,121.062908,Cancelled
14.5739948,120.9809777,Inactive
14.5655031,121.0138442,Inactive
14.570199,120.9915848,Delisted
14.6197,121.005892,Cancelled
14.5755569,120.9803188,Cancelled
14.5782021,120.9898177,Delisted
14.584949,120.974148,Delisted
14.618835,121.014309,Delisted
14.5264597,120.9970865,Forever Banned
14.5530143,121.0255812,Cancelled
14.5858597,121.0622087,Delisted
14.5555649,120.9970729,Delisted
14.575591,120.981954,Cancelled
14.5517886,121.0085574,Delisted
14.5761101,120.9903656,Cancelled
14.5617043,120.9957181,Delisted
14.627618,121.0249706,Delisted
14.634316,121.03856,Cancelled
14.5564096,121.014247,Delisted
14.5777331,120.9789431,Cancelled
14.5735488,120.9908131,Delisted
14.4829372,121.0394668,Cancelled
14.5713725,120.9850717,Cancelled
14.574128,120.983047,Delisted
7.183384999999999,125.4396635,Delisted
14.5662606,121.0020433,Delisted
14.564947,121.013986,Inactive
14.6212591,120.9988138,Delisted
14.551912,121.005196,Delisted
14.6049031,121.0572486,Forever Banned
14.5769485,120.982545,Forever Banned
14.5727682,120.9878464,Delisted
14.5819518,120.9818474,Delisted
14.5709968,120.992195,Delisted
14.624671,121.0401597,Delisted
14.5595744,121.004045,Delisted
9.1455141,123.6371591,Cancelled
14.537553,120.9950495,Cancelled
14.6053208,120.9876494,Forever Banned
14.618683,121.024464,Delisted
14.5571446,121.0211014,Inactive
14.5664142,121.065951,Cancelled
14.5736799,120.9897623,Cancelled
14.582824,120.9971307,Cancelled
14.5737344,120.9927654,Cancelled
14.5554038,121.0169799,Delisted
14.6242902,121.0428706,Cancelled
14.5800827,120.9797899,Revoked
14.6200085,120.9924719,Delisted
14.621935,121.04787,Delisted
14.6199121,121.0508545,Inactive
14.640071,121.055054,Delisted
14.5576121,121.0134854,Delisted
14.574128,120.983047,Delisted
14.5742318,120.9922241,Cancelled
10.360895,123.934489,Cancelled
14.5811745,120.9804261,Cancelled
14.5812746,120.9952466,Cancelled
14.5558683,120.9965268,Delisted
14.5560386,121.0038143,Cancelled
14.531706,121.023193,Inactive
14.5636004,121.0140294,Delisted
14.578548,120.98196,Cancelled
14.5741924,120.9810895,Delisted
14.584651,120.9735279,Delisted
14.5815738,120.9868866,Forever Banned
14.5940033,120.9653134,Cancelled
14.5940033,120.9653134,Delisted
14.5804947,120.9886965,Cancelled
14.5685648,120.9870186,Delisted
14.559582,121.002973,Cancelled
14.6405274,121.0250136,Delisted
14.5806366,120.9887496,Cancelled
14.558221,121.003372,Cancelled
14.5877774,121.061324,Delisted
14.6294088,121.0866456,Delisted
14.619468,121.003969,Cancelled
14.5637216,121.0144516,Cancelled
14.5811081,120.9805475,Delisted
14.56261,121.0109802,Delisted
14.610257,121.022471,Suspended
14.6898405,121.0281282,Delisted
14.575594,120.981954,Cancelled
14.4183645,121.0384987,Delisted
14.570218,121.0218649,Ceased Operations
14.570218,121.0218649,Ceased Operations
14.5749386,120.9806862,Delisted
14.5725148,120.9839705,Expired
14.5464501,120.9950601,Cancelled
14.5559105,121.0157255,Cancelled
14.5762997,121.0390015,Delisted
14.5931358,120.9732021,Delisted
14.5818131,120.9864278,Delisted
14.626424,121.055856,Delisted
14.525338,120.997179,Delisted
14.6323155,121.0275122,Inactive
14.5824085,120.9843116,Expired
14.5672708,121.029629,Delisted
14.5696807,121.01131,Delisted
14.583818,120.989738,Forever Banned
14.566016,121.004702,Delisted
14.5688153,120.9868827,Delisted
14.5688153,120.9868827,Delisted
14.5688153,120.9868827,Delisted
14.623586,121.0546863,Cancelled
14.5755569,120.9803188,Delisted
14.5809822,120.9764328,Expired
14.642624,121.050478,Delisted
14.585229,121.04872,Delisted
14.507338,121.045986,Delisted
14.545165,120.993497,Cancelled
16.627277,120.3205,Delisted
14.5495448,120.998413,Denied Renewal
14.5886329,121.0432591,Delisted
14.558085,121.019689,Delisted
14.583858,120.989393,Forever Banned
14.544706,120.991959,Delisted
14.5709314,120.9821167,Expired
14.4559793,121.0384821,Delisted
14.5769485,120.982545,Cancelled
14.5632944,120.9877319,Expired
14.6317454,120.995267,Delisted
10.3452485,123.9223601,Delisted
14.293316,121.006097,Delisted
14.4423836,120.9529041,Delisted
14.5722439,120.9924458,Delisted
14.6252293,121.050875,Delisted
14.579078,121.001934,Forever Banned
14.556841,120.9913313,Delisted
14.5703362,120.9951461,Cancelled
14.5600401,121.0048792,Inactive
14.5935094,120.9614086,Delisted
14.637979,121.025748,Delisted
14.6326841,121.0415303,Forever Banned
14.5793614,120.988094,Cancelled
14.5525833,121.0021667,Cancelled
14.5653999,121.0069674,Delisted
14.599272,121.004877,Delisted
14.5778953,120.9919787,Cancelled
14.5797828,120.9774597,Cancelled
14.5983044,121.0150331,Inactive
14.584949,120.974148,Delisted
14.6238222,121.0334953,Delisted
14.6598229,121.0426584,Delisted
14.556282,121.018671,Cancelled
14.6230227,121.0481005,Delisted
14.604961,121.05735,Delisted
14.577676,120.979057,Cancelled
14.566511,120.9857948,Delisted
14.575185,120.992659,Delisted
14.5776439,121.0169234,Cancelled
14.577914,120.9907126,Delisted
14.5661234,120.9968802,Cancelled
14.630775,121.034761,Delisted
14.6234007,121.0306953,Cancelled
14.6037597,121.0092886,Cancelled
14.6347782,121.0364336,Cancelled
14.556824,121.005212,Forever Banned
14.6281754,121.0582021,Delisted
14.624202,121.136651,Delisted
14.605369,121.054548,Cancelled
14.557449,121.00729,Cancelled
14.5755569,120.9803188,Delisted
14.622913,121.071521,Delisted
14.6121953,120.9956344,Delisted
14.5580835,121.0013446,Delisted
14.5727102,120.990605,Cancelled
14.5544608,120.9991833,Delisted
14.545167,121.0111,Cancelled
14.623285,121.044382,Delisted
14.57604,120.9841859,Delisted
14.574128,120.983047,Cancelled
14.5762181,120.9808311,Delisted
14.570199,120.9915848,Delisted
14.583818,120.989738,Forever Banned
14.6028551,121.0612468,Delisted
14.566561,120.985457,Delisted
14.5652048,120.9992857,Delisted
14.578142,120.9898513,Cancelled
14.5769485,120.982545,Delisted
14.567655,120.985907,Cancelled
14.5769038,120.9804976,Delisted
14.6054702,121.0790608,Inactive
14.6234983,121.048366,Delisted
14.6482581,121.0283723,Delisted
14.5743377,120.9918816,Cancelled
14.5792213,120.9893722,Delisted
14.545296,120.9941545,Cancelled
14.5546529,121.0043032,Delisted
14.602689,121.046226,Delisted
14.5742148,120.9824563,Cancelled
14.6062507,121.0240613,Delisted
14.5544608,120.9991833,Forever Banned
14.5549932,121.0799566,Delisted
14.562136,120.999056,Delisted
14.5776943,120.9814629,Cancelled
14.5795223,120.9816704,Forever Banned
14.580241,120.981978,Forever Banned
14.5755569,120.9803188,Delisted
14.605208,121.054527,Delisted
14.5728587,120.9876772,Inactive
14.574128,120.983047,Cancelled
14.5685317,121.0281027,Delisted
14.5860739,120.9825134,Cancelled
10.6996156,122.5506307,Cancelled
14.558085,121.019689,Cancelled
14.5769485,120.982545,Delisted
14.5756784,120.9933553,Cancelled
14.545296,120.9941545,Cancelled
14.5889479,121.061983,Cancelled
14.589881,120.971029,Delisted
14.5940033,120.9653134,Delisted
14.5727102,120.990605,Delisted
14.5908566,120.9661179,Expired
14.578902,120.98935,Cancelled
14.5931358,120.9732021,Delisted
14.5813648,120.9959119,Delisted
14.5512872,121.016775,Delisted
14.577676,120.979057,Cancelled
15.156362,120.59202,Delisted
14.553426,121.006454,Cancelled
14.575448,120.980424,Delisted
14.6230913,121.0440867,Cancelled
14.5796367,121.045895,Cancelled
14.615196,121.0623793,Delisted
14.5780342,120.9899115,Delisted
14.586736,120.972802,Expired
14.57417,120.993805,Delisted
14.5931358,120.9732021,Delisted
14.578587,120.979001,Cancelled
14.5870417,121.0022621,Delisted
14.5769485,120.982545,Delisted
14.5769412,120.9894757,Cancelled
14.5741924,120.9810895,Inactive
10.3134949,123.89043,Delisted
14.6225939,120.9925928,Delisted
14.660098,120.944606,Delisted
14.5755569,120.9803188,Cancelled
14.5769485,120.982545,Delisted
14.5931358,120.9732021,Delisted
14.622379,121.046072,Delisted
14.467113,121.015032,Delisted
14.5818144,121.047765,Delisted
14.667968,121.010284,Delisted
14.6347585,121.0214494,Cancelled
44.901342,-93.739708,Delisted
13.941649,121.622318,Ceased Operations
14.565964,121.008355,Delisted
14.554705,121.015068,Delisted
14.569672,120.985557,Delisted
14.550459,121.013941,Delisted
14.573686,121.03906,Delisted
14.5741924,120.9810895,Delisted
14.585389,120.982451,Delisted
14.543113,121.011761,Delisted
14.5756061,120.9803429,Cancelled
14.472913,121.005334,Suspended
14.5497519,121.013351,Delisted
14.565496,120.986219,Cancelled
14.554696,121.002998,Cancelled
14.6077934,121.0390074,Delisted
14.6333167,121.0200892,Forever Banned
14.6110296,120.9962387,Delisted
14.584114,121.062705,Delisted
14.572289,120.990837,Delisted
14.5719495,120.9839503,Revoked
14.5346863,120.9985544,Cancelled
14.5755429,120.9818065,Cancelled
14.5818131,120.9864278,Cancelled
14.558419,121.016479,Delisted
14.568827,120.986683,Forever Banned
14.570199,120.9915848,Delisted
39.771881,-86.158416,Delisted
14.5731254,120.985814,Delisted
14.573851,120.992119,Delisted
14.5550045,121.0186261,Delisted
14.556629,121.0000571,Delisted
14.6321949,121.0433365,Inactive
14.5592304,121.0111319,Cancelled
14.474821,121.045004,Inactive
14.548488,120.990965,Delisted
14.5940033,120.9653134,Cancelled
14.5564795,121.0063711,Delisted
14.5536186,121.0078954,Forever Banned
14.5763093,120.990042,Cancelled
14.556941,121.015485,Forever Banned
14.5727102,120.990605,Cancelled
14.602432,120.9800319,Delisted
14.5689081,120.9929746,Delisted
14.559327,120.988172,Delisted
14.6232862,121.0009259,Delisted
14.57874,120.980933,Cancelled
14.62345,121.053961,Cancelled
14.5534,120.996445,Delisted
14.6328341,121.0193252,Cancelled
14.5707048,121.0210418,Delisted
14.6350843,120.9942234,Forever Banned
14.6148172,121.0727454,Delisted
14.575394,120.982131,Forever Banned
14.557505,121.016318,Forever Banned
14.5157344,120.9953669,Cancelled
14.556088,121.013587,Cancelled
14.5712872,121.0140335,Suspended
14.5635155,121.0592639,Delisted
14.6107053,121.0377247,Delisted
14.5896134,121.0194339,Inactive
14.6423189,121.033846,Delisted
14.6803812,121.0321629,Delisted
14.6241999,121.05763,Delisted
14.5169949,120.9942451,Delisted
14.580533,120.987329,Forever Banned
14.57223,120.991329,Cancelled
14.6211742,121.0495633,Cancelled
14.650096,121.028781,Inactive
14.6015099,121.0464452,Inactive
14.5580552,121.0034574,Cancelled
14.5989749,120.9800537,Cancelled
14.576759,120.989508,Inactive
14.432771,121.004792,Cancelled
14.551464,121.016268,Forever Banned
14.583002,120.986943,Delisted
14.5658229,121.0324893,Delisted
14.5923038,120.9717716,Delisted
14.557449,121.00729,Delisted
14.5841133,120.9909061,Delisted
14.584521,121.050085,Delisted
14.5784165,120.989508,Delisted
14.5585208,121.0150086,Delisted
14.584992,121.0837517,Delisted
14.553095,121.015377,Delisted
14.5704891,120.9924845,Expired
14.6118652,120.9813739,Delisted
14.5892891,120.9869689,Delisted
14.5712686,121.0483704,Cancelled
14.584651,120.9735279,Inactive
14.5575434,121.0002079,Delisted
15.7879491,121.0044327,Cancelled
14.56581,121.030792,Delisted
14.5526363,121.0154566,Delisted
14.559319,121.024403,Delisted
14.627839,121.018486,Forever Banned
14.5719307,120.9839575,Delisted
14.565895,120.9850261,Delisted
14.6188438,121.0650815,Delisted
14.603396,121.045008,Delisted
14.623422,121.0027656,Forever Banned
14.6327342,121.0432672,Cancelled
14.5741924,120.9810895,Delisted
14.552401,121.016015,Inactive
14.5632944,120.9877319,Suspended (Document Processing)
14.616559,121.05926,Delisted
14.5918766,120.973865,Delisted
14.618784,121.012536,Cancelled
14.643064,121.052008,Forever Banned
14.6402302,121.010426,Delisted
14.6544164,120.9842563,Delisted
14.6100174,121.0235882,Delisted
14.5735809,120.9910837,Forever Banned
14.5747086,120.9912041,Cancelled
14.5814239,121.0127937,Delisted
14.5707084,121.0126018,Cancelled
14.5543718,121.0052248,Cancelled
14.580095,121.059787,Revoked
14.5572906,121.0260503,Denied Renewal
14.5755569,120.9803188,Delisted
14.5722816,120.9827527,Delisted
14.566284,121.045602,Delisted
14.6158351,121.063415,Cancelled
14.574128,120.983047,Delisted
14.5796205,120.9803731,Delisted
14.557273,121.000357,Delisted
14.541619,120.992432,Delisted
14.5808722,120.9880099,Delisted
14.571462,120.994646,Cancelled
14.632813,121.043315,Cancelled
14.5705054,120.99511,Forever Banned
14.5658409,121.0095726,Delisted
14.5776624,120.9789696,Cancelled
14.607536,121.101505,Delisted
14.537779,121.019865,Delisted
14.5621944,121.0284551,Delisted
14.636829,121.072115,Cancelled
14.558231,121.019393,Delisted
14.5603927,121.0042307,Suspended (Document Processing)
10.330756,123.8989229,Delisted
14.6049031,121.0572486,Forever Banned
14.427921,121.041444,Delisted
14.427921,121.041444,Delisted
14.5703422,120.9920608,Cancelled
14.579095,121.050075,Delisted
14.5719268,120.9824243,Cancelled
14.5830002,120.9830017,Cancelled
14.6389966,121.0404337,Inactive
14.5683384,120.9937073,Cancelled
14.5556309,121.0132166,Delisted
14.6596781,121.0681189,Delisted
14.5573278,121.0379924,Delisted
14.590133,121.040937,Cancelled
14.5771834,121.0109356,Delisted
14.614783,121.018308,Forever Banned
14.5779765,120.9920266,Cancelled
14.6078284,120.9978093,Cancelled
14.574128,120.983047,Cancelled
14.634131,121.039377,Cancelled
14.626867,121.012102,Cancelled
14.622946,121.047259,Forever Banned
14.573303,120.9925625,Delisted
14.5741924,120.9810895,Inactive
14.5702757,120.9914719,Cancelled
14.5704662,121.0186894,Delisted
14.616752,121.0003016,Delisted
14.576099,121.0506031,Ceased Operations
14.5769485,120.982545,Delisted
14.7653,121.0247001,Delisted
14.5713502,120.9838007,Delisted
14.560272,121.0313718,Cancelled
14.5659993,121.03038,Cancelled
14.5769485,120.982545,Delisted
14.5579019,121.0010945,Delisted
14.5454407,120.994744,Delisted
14.5701741,120.9846827,Cancelled
14.6369315,120.995221,Cancelled
14.6166017,121.0579767,Delisted
14.554031,121.006276,Delisted
14.5505684,120.9953347,Delisted
14.600955,120.9993969,Delisted
14.5843268,121.0480832,Inactive
14.5712366,120.9845664,Cancelled
14.5828844,121.0493948,Forever Banned
14.5732001,120.9882698,Delisted
14.5852841,121.0181223,Delisted
14.569124,120.99324,Forever Banned
14.5341702,121.0218104,Delisted
14.5635155,121.0592639,Delisted
14.618656,121.071019,Delisted
14.59145,121.040935,Inactive
14.5810629,120.9805517,Forever Banned
14.5905564,121.0018252,Delisted
16.4129894,120.5789035,Cancelled
14.6236165,121.054751,Delisted
14.5602488,121.0029048,Cancelled
14.583333,120.966667,Delisted
14.56228,121.031067,Delisted
14.576023,120.9808507,Cancelled
14.5776943,120.9814629,Delisted
14.5776943,120.9814629,Delisted
14.5557538,121.0030345,Cancelled
14.5645775,121.0284356,Delisted
14.5894904,120.9862915,Cancelled
14.5379906,121.016451,Cancelled
14.561152,120.993294,Forever Banned
14.5886329,121.0432591,Delisted
14.5579419,121.0020806,Delisted
13.7854921,121.0066789,Delisted
14.5464501,120.9950601,Delisted
14.5378358,121.0069283,Forever Banned
14.554927,121.019626,Forever Banned
14.6362987,121.0268815,Delisted
14.502177,120.9962011,Delisted
14.5769485,120.982545,Forever Banned
14.575068,120.9906533,Delisted
14.575394,120.982131,Forever Banned
14.5793498,120.9787247,Delisted
14.562442,121.010702,Delisted
14.5769485,120.982545,Cancelled
14.5844643,120.9837843,Cancelled
14.5792345,121.0484808,Delisted
14.558221,121.003372,Delisted
14.680506,121.014704,Cancelled
14.5672708,121.029629,Delisted
14.639632,121.024018,Cancelled
14.615896,120.999767,Forever Banned
14.579669,121.0313865,Delisted
14.5809941,120.9894941,Cancelled
14.5812966,121.1320728,Delisted
14.5776943,120.9814629,Inactive
14.569251,120.995501,Forever Banned
42.3006296,-70.8835103,Delisted
14.62702,121.0109517,Delisted
14.570218,121.0218649,Delisted
14.572751,121.063343,Cancelled
14.5644246,120.9963506,Cancelled
14.554927,121.019626,Delisted
14.560454,121.012098,Forever Banned
14.571141,120.990844,Cancelled
14.545167,121.0111,Delisted
14.5860739,120.9825134,Delisted
9.317852000000002,123.2977339,Delisted
14.5514383,121.0172935,Delisted
14.635798,120.9629228,Expired
14.6364581,121.0213254,Denied Renewal
14.6333043,120.9981755,Delisted
14.5369387,120.9925995,Delisted
14.6054324,120.9873891,Suspended
14.5322803,121.0244794,Delisted
14.5780527,120.9787222,Delisted
14.5791829,121.0488948,Cancelled
14.592458,120.972603,Delisted
14.5819518,120.9818474,Delisted
14.5819518,120.9818474,Delisted
14.6309879,121.0155845,Delisted
14.5728885,120.9929332,Delisted
14.611757,120.982657,Delisted
14.641451,121.024392,Cancelled
14.637686,121.02635,Forever Banned
14.561287,121.02726,Delisted
14.657702,121.006825,Delisted
14.583656,120.987554,Delisted
14.576126,121.038452,Forever Banned
14.562481,121.029399,Cancelled
14.632729,121.045609,Delisted
14.650376,121.0286656,Delisted
14.5686178,120.9869013,Delisted
14.5877774,121.061324,Delisted
14.5739478,120.9818052,Cancelled
14.55662,121.018964,Delisted
14.5598523,120.9891781,Cancelled
14.5758569,120.9911372,Cancelled
14.5776943,120.9814629,Delisted
14.5860739,120.9825134,Delisted
14.559517,120.98796,Delisted
14.5741924,120.9810895,Delisted
14.558049,121.0182343,Cancelled
14.650524,121.028661,Delisted
14.5747585,120.9891052,Delisted
14.577378,120.9892157,Delisted
14.6329492,121.054248,Delisted
14.570927,121.00273,Delisted
14.6240449,121.0320604,Cancelled
14.5912747,120.9751366,Cancelled
14.5834685,120.9922924,Cancelled
14.559517,120.98796,Delisted
14.5801001,120.9990005,Cancelled
14.57428,120.983081,Cancelled
14.5621926,120.9991613,Cancelled
14.6275868,121.0138521,Cancelled
14.639467,121.033229,Cancelled
14.560193,121.00321,Cancelled
13.7723092,121.0512696,Cancelled
14.5715415,120.9912539,Forever Banned
14.574291,120.983074,Cancelled
14.55562,121.009706,Delisted
14.5563703,121.0178311,Delisted
14.5632488,121.0137998,Delisted
14.5755308,120.9957075,Delisted
14.659814,121.0314941,Delisted
14.559775,121.0046368,Cancelled
14.5752716,121.0610103,Delisted
14.592185,120.9747238,Delisted
14.5594419,120.9959944,Delisted
14.538458,120.994295,Delisted
14.565669,120.98616,Cancelled
10.6899996,122.5500031,Cancelled
14.5819344,120.9818448,Cancelled
14.5767311,120.9815533,Forever Banned
14.5763956,120.9905353,Cancelled
14.553426,121.006454,Delisted
14.6037127,120.9977646,Delisted
14.56743,121.0395,Inactive
14.5696726,120.9848862,Expired
14.5285948,121.0043903,Cancelled
14.5004362,121.0157361,Cancelled
14.5908337,120.9749985,Delisted
14.5385141,120.9957053,Delisted
14.542676,121.014316,Delisted
14.6400553,121.0310198,Delisted
14.5931358,120.9732021,Cancelled
14.5755429,120.9818065,Cancelled
14.571173,120.983485,Inactive
13.7553523,121.0567032,Delisted
14.5813141,120.9865174,Cancelled
14.6103584,121.0252608,Suspended (Document Processing)
14.5767457,120.9898035,Cancelled
14.5711536,120.9845664,Suspended
14.5741924,120.9810895,Delisted
14.6198204,120.9987494,Delisted
14.5720732,121.0607957,Delisted
14.57422,120.981354,Inactive
14.4793095,121.0198229,Expired
14.5464501,120.9950601,Delisted
14.5672708,121.029629,Delisted
14.5851867,120.9722586,Inactive
14.5777331,120.9789431,Cancelled
14.5721153,120.9915642,Delisted
14.555458,121.016958,Suspended
14.5569,120.996361,Forever Banned
35.2163506,-80.7857403,Cancelled
14.572179,120.9915287,Cancelled
14.563853,121.014471,Delisted
14.6163986,120.9584279,Delisted
14.6236157,121.0547492,Delisted
41.3265013,-92.3332143,Delisted
14.538223,120.995538,Delisted
14.628678,121.053001,Forever Banned
14.5719268,120.9824243,Suspended (Document Processing)
14.5741924,120.9810895,Delisted
14.552929,121.016523,Delisted
14.615896,120.999767,Cancelled
14.573892,120.990211,Cancelled
14.5763956,120.9905353,Suspended
14.663747,120.992543,Inactive
14.556612,121.016035,Delisted
14.570218,121.0218649,Inactive
14.583866,120.987522,Forever Banned
14.555736,121.0046739,Cancelled
14.551912,121.005196,Delisted
34.0379295,-118.514616,Delisted
14.573078,121.052549,Delisted
14.566981,121.083682,Cancelled
14.570062,121.017019,Cancelled
14.5768,120.989578,Cancelled
14.597764,121.038554,Expired
14.5524747,121.0154566,Expired
14.6172037,121.0552925,Cancelled
14.5747086,120.9912041,Cancelled
14.6296831,121.0441222,Cancelled
14.581978,120.985871,Inactive
14.5741924,120.9810895,Inactive
14.574059,120.992042,Cancelled
14.617,121.100295,Cancelled
14.6301869,121.0152517,Forever Banned
14.5743817,120.9843278,Cancelled
14.5598463,120.9925322,Delisted
14.577791,120.980262,Delisted
14.566274,121.010874,Cancelled
14.626888,121.061932,Delisted
14.5388807,121.0111075,Delisted
10.3084352,123.8880004,Delisted
14.5570185,121.0156073,Cancelled
13.181627,123.6609319,Delisted
14.5662844,121.045711,Delisted
14.5364824,121.0204359,Delisted
14.5785967,120.9897261,Forever Banned
14.5791187,121.0030895,Cancelled
14.6199325,121.0042304,Forever Banned
14.590546,120.983434,Delisted
14.6357086,121.024016,Cancelled
14.5725665,120.9895814,Cancelled
14.5575549,121.0155074,Inactive
14.584651,120.9735279,Delisted
14.56609,121.014095,Delisted
14.5858117,121.0601708,Delisted
14.5654361,120.9943003,Delisted
14.5654361,120.9943003,Delisted
14.562723,121.011129,Delisted
14.5931693,121.0179396,Cancelled
14.598707,120.980164,Denied Renewal
14.6244322,121.0356152,Delisted
14.5537339,120.9890975,Delisted
14.618835,121.014309,Cancelled
10.296869,123.9048104,Delisted
14.6234007,121.0306953,Delisted
14.5632944,120.9877319,Expired
14.560069,121.0034545,Forever Banned
14.5995124,120.9842195,Delisted
6.9135694,122.079613,Cancelled
14.584651,120.9735279,Denied Renewal
14.5134618,121.0619686,Delisted
14.5775603,120.9800364,Delisted
14.579017,120.9794825,Delisted
14.6069626,121.0290241,Delisted
14.622496,121.046053,Cancelled
14.623623,121.045373,Delisted
14.551419,120.991843,Delisted
14.597024,120.975767,Delisted
14.566681,121.030059,Delisted
14.5885419,121.0435089,Delisted
14.5780527,120.9787222,Delisted
14.616936,120.989911,Delisted
14.586736,120.972802,Delisted
14.5923038,120.9717716,Delisted
14.5920016,121.0016043,Expired
14.622641,121.045542,Delisted
14.635555,121.0327569,Forever Banned
14.580644,120.98886,Cancelled
10.334108,123.942926,Cancelled
14.622807,121.045942,Delisted
14.5544056,121.0199366,Delisted
14.6279951,121.036507,Delisted
14.589204,121.060544,Cancelled
14.5860739,120.9825134,Delisted
14.575098,120.988045,Cancelled
14.5290061,120.9917679,Ceased Operations
14.571824,120.9941403,Delisted
14.5775873,120.9891109,Cash Bond Withdrawn
14.560989,121.011377,Cancelled
14.66384,121.009164,Delisted
14.5668242,120.9868407,Cancelled
14.5904164,120.9752061,Delisted
14.5663693,120.9844852,Inactive
14.5741924,120.9810895,Delisted
14.561646,120.9952249,Cancelled
14.5727102,120.990605,Forever Banned
14.570199,120.9915848,Forever Banned
14.5786803,120.9817155,Cancelled
14.610026,121.051075,Delisted
14.5902382,121.0343195,Delisted
14.574128,120.983047,Delisted
14.588264,120.976437,Expired
14.6237609,121.0340706,Cancelled
14.5719513,120.9840526,Delisted
10.7220459,122.5600095,Cancelled
14.562054,121.026472,Delisted
14.6221216,121.057786,Delisted
14.622799,121.045393,Delisted
14.6535201,121.0294859,Cancelled
14.6673831,121.0485599,Cancelled
14.6344828,121.0581953,Cancelled
14.578714,120.988868,Delisted
14.6307232,120.9812653,Cancelled
10.2992762,123.9038566,Suspended
14.577156,121.085547,Cancelled
14.5755,120.9825301,Delisted
14.5739856,120.9894237,Cancelled
14.5579019,121.0010945,Delisted
14.643162,121.018952,Inactive
14.59283,120.97578,Delisted
14.562627,121.012023,Cancelled
14.623301,121.054251,Delisted
14.6543796,121.0300608,Cancelled
14.578533,120.981967,Delisted
14.573367,121.062563,Delisted
14.5769485,120.982545,Denied Renewal
14.600047,120.979902,Delisted
14.6017873,121.0959728,Cancelled
14.561287,121.02726,Delisted
14.5709116,120.9874797,Delisted
14.6086292,120.9922028,Forever Banned
14.6060424,121.0563426,Cancelled
14.580313,120.9869329,Forever Banned
14.551282,120.99133,Delisted
14.7332367,121.0526207,Cancelled
14.6449122,121.0510969,Delisted
14.566113,121.181235,Delisted
14.5891281,120.9823903,Cancelled
14.6110296,120.9962387,Delisted
14.5673807,120.9849573,Suspended
10.7175041,122.562979,Cancelled
14.574128,120.983047,Delisted
14.5525843,121.013463,Delisted
14.5825344,121.0620853,Cancelled
14.6391278,121.0530189,Cancelled
16.4274789,120.6034818,Cancelled
14.583333,120.9666672,Delisted
14.5727102,120.990605,Cancelled
14.5712809,120.9842303,Suspended (Document Processing)
33.4387212,-112.0843681,Delisted
14.5819518,120.9818474,Cancelled
14.638227,121.0263643,Cancelled
14.6350926,120.9972581,Inactive
14.564881,121.0020061,Cancelled
14.3189715,121.1121199,Cancelled
14.606725,121.017404,Forever Banned
14.5741924,120.9810895,Delisted
14.5786059,120.9818669,Cancelled
10.2925609,123.0246518,Delisted
14.6611035,121.1008935,Delisted
14.571958,120.996272,Cancelled
14.579384,120.982609,Cancelled
7.0723308,125.6153752,Cancelled
14.579384,120.982609,Cancelled
14.577973,120.992117,Cancelled
14.574986,120.983523,Forever Banned
14.5769485,120.982545,Cancelled
14.5886329,121.0432591,Cancelled
14.6240929,121.0341314,Forever Banned
14.5860739,120.9825134,Denied Renewal
13.937889,121.613095,Cancelled
14.570199,120.9915848,Forever Banned
14.5640546,120.9982411,Delisted
14.5852343,120.9727227,Expired
8.483255999999999,124.638637,Delisted
14.5747841,121.0584578,Cancelled
14.5531568,120.9919632,Delisted
-0.2606844,-78.5311916,Revoked
14.5507339,121.0505263,Delisted
14.5706785,121.0602421,Delisted
14.5627209,121.010712,Delisted
14.5901173,121.0895415,Delisted
14.6049904,121.0230985,Inactive
14.628548,121.031532,Delisted
14.579384,120.982609,Cancelled
14.1080813,121.1460698,Revoked
14.5464501,120.9950601,Delisted
14.5800723,120.9864282,Delisted
14.570866,120.991819,Cancelled
14.6512613,120.9655386,Delisted
14.598602,120.979074,Delisted
10.307114,123.917995,Suspended
14.574128,120.983047,Cancelled
14.5777178,120.9798253,Cancelled
36.086061,-95.89746199999999,Delisted
14.5677995,120.9857281,Cancelled
14.5542528,120.9967957,Delisted
14.5860739,120.9825134,Delisted
14.5769485,120.982545,Cancelled
14.537799,121.007397,Delisted
14.5740779,120.9827052,Cancelled
14.570199,120.9915848,Delisted
14.574128,120.983047,Cancelled
14.575394,120.982131,Cancelled
14.575472,120.982551,Delisted
14.5788613,120.979895,Cancelled
14.580282,120.987345,Cancelled
14.6592425,120.9442801,Delisted
14.5464501,120.9950601,Delisted
14.5749386,120.9806862,Delisted
14.562656,121.011122,Cancelled
14.5370941,120.990807,Delisted
14.5824516,121.0615479,Delisted
14.528922,120.997235,Delisted
14.6332323,121.0544232,Cancelled
14.5805,120.989886,Cancelled
14.575594,120.981954,Cancelled
14.5694255,120.988286,Cancelled
14.5768,120.989578,Cancelled
14.7448145,120.9584809,Cash Bond Withdrawn
14.5860739,120.9825134,Cancelled
14.5860739,120.9825134,Delisted
14.5713423,120.9837988,Cancelled
14.5756102,120.993048,Delisted
7.0544547,125.6011576,Delisted
14.5766474,120.9922493,Suspended (Document Processing)
15.486551,120.97374,Delisted
14.6163782,121.0536427,Cancelled
14.6329359,121.077669,Forever Banned
14.5860739,120.9825134,Cancelled
14.5615986,121.0230249,Delisted
14.554933,120.997198,Delisted
19.3663621,-98.9920746,Delisted
14.4742966,121.0208916,Delisted
14.589204,121.060544,Delisted
14.5554545,120.9969045,Delisted
14.6228332,121.0462207,Cancelled
14.578036,120.978425,Cancelled
14.574128,120.983047,Cancelled
14.5768,120.989578,Cancelled
14.622884,121.0455789,Cancelled
14.5719268,120.9824243,Expired
14.589979,120.9788685,Delisted
14.6252603,121.1247171,Delisted
14.5630003,121.0125859,Forever Banned
14.57314,120.98149,Cancelled
14.5329961,120.9951706,Delisted
14.579044,120.987818,Delisted
14.623202,121.029411,Cancelled
14.5528945,121.0069219,Delisted
14.5886329,121.0432591,Delisted
14.5825854,120.9811025,Cancelled
33.8113025,-84.37504679999999,Delisted
14.5980597,120.9786572,Delisted
14.5735149,121.0032078,Cancelled
14.584114,121.062705,Delisted
14.5800425,120.9895769,Cancelled
14.596562,120.975968,Delisted
14.567879,120.986691,Expired
8.337462799999999,123.844914,Delisted
14.6274112,121.0788264,Cancelled
14.5584935,121.0165767,Delisted
14.576064,120.991473,Cancelled
10.3131962,123.8950078,Cancelled
14.5777331,120.9789431,Delisted
14.560454,121.012098,Forever Banned
14.571827,120.993118,Delisted
14.555897,121.015403,Delisted
16.605903,120.3176152,Cancelled
14.611014,121.028006,Delisted
14.557728,121.001441,Cancelled
14.5774095,120.9813475,Cancelled
14.5786924,120.9808831,Cancelled
14.6062679,121.0256366,Cancelled
14.546429,120.994173,Forever Banned
14.5803845,120.981318,Delisted
15.7961869,120.9936171,Delisted
14.5768,120.989578,Cancelled
14.6122845,121.0553992,Delisted
14.5619957,120.9951153,Cancelled
14.552502,121.017008,Delisted
33.4198736,-111.9295509,Cancelled
10.3101366,123.9544571,Delisted
14.5768,120.989578,Cancelled
14.6352412,121.032211,Delisted
14.5631463,121.0146054,Cancelled
14.670747,121.039279,Suspended
7.0701197,125.6154361,Cancelled
14.57426,120.983049,Cancelled
14.5780527,120.9787222,Delisted
14.5749386,120.9806862,Delisted
14.5422799,121.0144603,Delisted
10.3816491,123.6433857,Delisted
14.551834,121.017867,Delisted
14.5784744,120.981941,Delisted
35.3008554,-2.948413,Delisted
14.5858597,121.0622087,Delisted
14.4493008,120.9853613,Delisted
14.5672559,120.9890332,Inactive
14.555245,120.996229,Delisted
14.5768,120.989578,Cancelled
14.5605569,121.0172374,Delisted
14.6423189,121.033846,Delisted
14.579862,120.9884835,Cancelled
10.3125024,123.8969764,Delisted
14.5587936,121.0031364,Cancelled
14.5987402,120.9806275,Cancelled
49.2716031,-122.7897679,Delisted
14.5522942,121.0070108,Cancelled
14.568675,121.024044,Cancelled
14.558262,121.022279,Cancelled
14.581669,121.129348,Delisted
14.5767457,120.9898035,Cancelled
14.62274,121.048508,Delisted
14.5801898,120.989559,Cancelled
14.5704449,121.0224454,Cancelled
14.5626214,121.0431844,Cancelled
14.5800129,120.9863038,Delisted
14.61049,121.025406,Delisted
37.09024,-95.712891,Delisted
14.5709212,121.0144193,Delisted
14.5753129,120.9813627,Cancelled
14.6737879,120.9663791,Delisted
14.6007857,120.9790757,Delisted
14.573842,120.992858,Cancelled
14.5744152,120.9831236,Forever Banned
14.5548479,121.0177415,Cancelled
14.5615911,121.0335083,Cancelled
14.559632,121.020278,Cancelled
14.5687179,121.0243219,Inactive
45.5345826,-122.6674144,Delisted
14.574383,120.992013,Cancelled
14.5742148,120.9824563,Forever Banned
14.6110296,120.9962387,Delisted
14.566561,120.985457,Cancelled
14.5799572,120.9861869,Delisted
14.570255,121.006844,Delisted
14.5791044,120.9876208,Delisted
14.5762619,121.049738,Expired
14.5789963,120.9977142,Delisted
14.5563703,121.0178311,Cancelled
14.5794469,120.9786478,Delisted
14.424412,121.025747,Delisted
14.574128,120.983047,Cancelled
14.5711536,120.9845664,Cancelled
14.571827,120.993118,Cancelled
14.5780324,120.9805244,Delisted
14.573524,120.9852381,Delisted
14.5662813,120.9882507,Delisted
14.5776931,120.9803725,Cancelled
14.5745103,120.9910356,Cancelled
14.5750585,120.9861252,Cancelled
19.6595743,-99.2085164,Delisted
14.5448935,121.0114017,Delisted
14.623842,121.0438,Delisted
14.5666354,121.0088984,Cancelled
14.577135,120.981102,Delisted
31.312171,-85.830615,Cancelled
14.5212212,121.0355379,Delisted
10.3173501,123.9620725,Delisted
14.5377512,121.0013809,Cancelled
10.738458,122.5625,Delisted
14.5768,120.989578,Cancelled
14.636969,121.0011927,Delisted
14.578036,120.978425,Delisted
14.547935,120.99093,Delisted
14.593168,120.974321,Cancelled
14.5735421,120.9909257,Cancelled
14.4546106,121.0492766,Inactive
14.568621,120.989844,Cancelled
14.5230218,120.9972455,Inactive
14.5869326,120.98575,Delisted
14.5857252,120.9854363,Cancelled
14.5738608,120.9831066,Delisted
14.578496,120.990162,Cancelled
14.577971,120.98211,Delisted
14.577971,120.98211,Delisted
14.554945,121.015091,Delisted
14.5784165,120.989508,Delisted
14.6020839,120.9740956,Delisted
14.5796518,120.9810691,Delisted
14.542068,121.018542,Delisted
14.5758266,120.9911194,Delisted
14.5739026,120.9830178,Delisted
14.572121,120.9898081,Forever Banned
14.54132,120.992501,Cancelled
14.624166,121.042686,Delisted
14.559545,121.008974,Denied Renewal
14.575108,120.980895,Cancelled
14.626447,121.060952,Delisted
42.8073676,-9.0460525,Delisted
14.561287,121.02726,Forever Banned
14.5940477,121.002867,Cancelled
16.4241145,120.5928925,Cancelled
14.5860739,120.9825134,Denied Renewal
14.5558431,120.996404,Cancelled
14.5755725,120.9830594,Delisted
14.579384,120.982609,Cancelled
14.537799,121.007397,Delisted
14.596562,120.975968,Delisted
13.1360293,123.7576491,Delisted
14.20558,121.155786,Delisted
14.5569243,121.0202656,Delisted
14.593533,120.973755,Delisted
14.571942,120.9839532,Cancelled
14.5749386,120.9806862,Delisted
14.5933007,120.9804149,Delisted
14.5819822,120.9811266,Forever Banned
14.576314,120.989906,Delisted
14.5830002,120.9830017,Delisted
14.5464501,120.9950601,Suspended
14.588131,120.978325,Delisted
19.3663621,-98.9920746,Delisted
14.5558431,120.996404,Delisted
14.577135,120.981102,Forever Banned
14.5789627,120.9824987,Delisted
14.6063145,120.9935953,Delisted
14.5786732,120.9836799,Cancelled
14.588914,121.0638406,Delisted
14.6428276,121.0379877,Delisted
10.601253,122.918417,Delisted
14.5722167,120.986739,Cancelled
14.5722167,120.986739,Cancelled
14.3433633,121.0511004,Suspended
14.577027,120.979911,Cancelled
14.5284948,121.0249989,Cancelled
14.622807,121.045942,Denied Renewal
14.5752954,120.9824502,Cancelled
14.575594,120.981954,Cancelled
14.574151,120.982308,Cancelled
14.60139,121.046587,Cancelled
14.5589385,121.0092516,Delisted
14.59896,120.980045,Forever Banned
14.5769485,120.982545,Cancelled
14.572218,120.9875769,Cancelled
14.55445,120.997435,Cancelled
14.5558711,121.0042052,Forever Banned
14.57941,120.981271,Cancelled
14.578701,120.981708,Forever Banned
14.5624626,120.998618,Suspended
14.5697495,121.0664752,Delisted
14.5651188,121.0147127,Cancelled
14.57426,120.983049,Delisted
14.5797828,120.9774597,Cancelled
14.572711,120.990601,Cancelled
14.6168381,121.0522354,Delisted
14.574128,120.983047,Suspended (Document Processing)
14.5793024,120.9787941,Cancelled
14.563486,121.002903,Delisted
14.6030544,121.0447426,Denied Renewal
14.580508,120.981051,Cancelled
14.5768,120.989578,Cancelled
14.5769485,120.982545,Delisted
29.9604605,-90.06233399999999,Delisted
14.5786924,120.9808831,Delisted
14.5756102,120.993048,Delisted
14.579384,120.982609,Cancelled
14.622641,121.045542,Delisted
14.6345141,121.0454205,Cancelled
14.5558431,120.996404,Cancelled
14.572049,120.9836611,Cancelled
14.5742148,120.9824563,Cancelled
14.6205654,120.9659653,Delisted
14.6152985,121.0577243,Cancelled
14.7092383,120.9472793,Delisted
14.569043,120.9904645,Cancelled
14.537477,120.99728,Cancelled
37.09024,-95.712891,Delisted
14.573701,120.990683,Cancelled
14.5560706,121.0059359,Cancelled
38.6327105,-90.312812,Delisted
14.5987402,120.9806275,Delisted
14.5654241,121.0452943,Cancelled
14.4913708,121.0371213,Delisted
14.5772983,120.9789275,Cancelled
14.4536766,121.0457983,Delisted
14.5565855,121.0160839,Delisted
14.6732352,120.9817841,Delisted
15.346386,120.593614,Cancelled
14.569899,120.992965,Cancelled
14.5727102,120.990605,Cancelled
14.574885,120.981576,Delisted
14.566511,120.9857948,Delisted
14.5800875,120.9813581,Delisted
14.573524,120.9852381,Delisted
14.558578,121.015723,Suspended
14.6127048,121.0554385,Cancelled
14.5797828,120.9774597,Cancelled
14.6775777,121.0594879,Delisted
14.569195,121.016029,Delisted
14.5405423,121.0120587,Delisted
14.560989,121.011377,Cancelled
14.565403,121.022316,Delisted
14.578072,120.982277,Cancelled
14.558085,121.019689,Delisted
14.5768,120.989578,Cancelled
14.5156352,120.9960465,Cancelled
14.5860739,120.9825134,Cancelled
14.5908337,120.9749985,Cancelled
14.554093,121.022641,Cancelled
14.5732323,121.0476402,Cancelled
40.72757670000001,-74.00009500000002,Delisted
14.6110296,120.9962387,Delisted
14.561312,121.018468,Delisted
14.587751,121.061439,Delisted
14.5599282,121.0025004,Forever Banned
14.5778903,120.9888472,Cancelled
14.5757363,120.980343,Cancelled
14.623141,121.029028,Delisted
14.552754,120.991756,Delisted
14.5742148,120.9824563,Denied Renewal
14.575599,120.98196,Cancelled
14.5779805,120.9797899,Cancelled
14.6580012,120.9479229,Cancelled
14.5751888,120.9823465,Cancelled
14.5620643,120.9945069,Delisted
14.620847,121.046535,Delisted
14.5797828,120.9774597,Cancelled
14.559867,121.013696,Forever Banned
14.6909312,121.0059515,Cancelled
14.5758569,120.9911372,Cancelled
14.571252,120.9838339,Cancelled
14.6306487,120.9735029,Cancelled
14.5750999,120.9899979,Cancelled
14.6110296,120.9962387,Cancelled
14.5742148,120.9824563,Delisted
41.603409,-73.123841,Delisted
26.7170937,-98.45448619999999,Delisted
14.537379,120.997732,Cancelled
14.575209,120.988427,Cancelled
14.5756102,120.993048,Cancelled
14.554044,120.991793,Cancelled
14.555024,120.989625,Cancelled
14.5928034,120.9776836,Delisted
14.5774095,120.9813475,Delisted
14.572287,120.991625,Delisted
14.572664,120.991381,Cancelled
14.5748716,120.9917002,Cancelled
14.636735,121.027479,Delisted
14.5699166,121.0292688,Delisted
14.5661456,120.9862206,Delisted
14.593126,120.974291,Cancelled
14.5537727,121.0055725,Delisted
14.5753697,120.9814704,Suspended
14.6428276,121.0379877,Delisted
15.1393003,120.586998,Delisted
14.5650662,121.0005272,Delisted
14.6482374,120.9864446,Cancelled
14.5755345,120.9899507,Delisted
14.5621926,120.9991613,Cancelled
14.571251,120.983481,Delisted
14.608284,121.038555,Delisted
14.5736489,120.9925102,Cancelled
14.536434,121.003943,Delisted
13.9398985,121.1597157,Delisted
14.5860739,120.9825134,Delisted
14.577135,120.981102,Delisted
14.579378,120.981032,Cancelled
14.4997208,121.0180199,Delisted
14.5561677,121.0153363,Cancelled
14.570885,120.984598,Cancelled
14.551938,121.019758,Cancelled
14.6315579,121.0487396,Forever Banned
14.6294295,121.0470281,Cancelled
14.5231721,121.0004419,Delisted
14.566333,121.012458,Delisted
14.5706215,121.0212708,Delisted
14.585884,121.115953,Cancelled
14.570244,120.984449,Cancelled
14.558224,121.022295,Expired
14.574151,120.982308,Cancelled
14.5803073,120.9869208,Forever Banned
14.4623928,120.979703,Delisted
14.5635155,121.0592639,Forever Banned
14.588149,120.978092,Delisted
15.7269913,120.3637277,Delisted
14.5777331,120.9789431,Cancelled
14.5727102,120.990605,Cancelled
14.5572878,121.0035145,Cancelled
14.567655,120.985907,Cancelled
14.5558142,121.0228987,Inactive
14.574128,120.983047,Delisted
14.6008002,120.9732456,Delisted
14.578179,120.982623,Delisted
14.566511,120.9857948,Cancelled
29.69066759999999,-95.5890857,Delisted
14.4925928,120.9913962,Delisted
14.575594,120.981954,Cancelled
14.5580656,121.017005,Cancelled
14.5749386,120.9806862,Cancelled
14.575651,120.989748,Forever Banned
14.5791044,120.9876208,Forever Banned
14.579031,120.980345,Delisted
14.5760242,120.9901978,Cancelled
14.575575,120.981929,Cancelled
14.56291,121.013705,Forever Banned
14.621336,121.023363,Cancelled
36.0868473,-95.8680498,Delisted
14.5732323,121.0476402,Delisted
14.559517,120.98796,Inactive
10.297912,123.901717,Delisted
14.5635155,121.0592639,Forever Banned
14.581441,120.980653,Delisted
14.624726,121.123013,Delisted
33.7773801,-118.4042545,Delisted
14.6203718,121.0178925,Delisted
14.5860739,120.9825134,Cancelled
14.5804793,120.980417,Cancelled
14.116682,122.94714,Delisted
14.5709633,120.9843366,Cancelled
14.6910538,121.0276419,Delisted
14.6150451,121.0170191,Cancelled
14.538795,120.997289,Delisted
14.7550222,121.045577,Delisted
14.5555042,121.0022282,Cancelled
14.605369,121.054548,Delisted
14.5615113,121.0116933,Delisted
19.3663621,-98.9920746,Cancelled
14.565986,120.984835,Delisted
36.086061,-95.89746199999999,Delisted
14.5719858,120.9884387,Cancelled
14.5777178,120.9798253,Cancelled
14.590504,120.9740019,Expired
14.5749386,120.9806862,Inactive
14.4286028,121.027034,Delisted
14.5987402,120.9806275,Delisted
14.5803845,120.981318,Cancelled
14.5769485,120.982545,Cancelled
14.6234068,121.0543063,Delisted
14.5755429,120.9818065,Cancelled
14.575861,121.04933,Cancelled
14.563879,121.0556811,Delisted
14.485867,121.028415,Delisted
14.5860739,120.9825134,Delisted
14.623141,121.029028,Delisted
14.4532059,121.0331879,Delisted
14.5524747,121.0154566,Inactive
14.5769485,120.982545,Cancelled
14.5804793,120.980417,Inactive
14.569978,120.984209,Cancelled
14.5722614,120.9913244,Cancelled
14.579457,120.987556,Cancelled
14.637786,121.026536,Cancelled
14.5527805,121.0177863,Delisted
13.758946,121.0759475,Delisted
14.572344,120.983996,Cancelled
14.6273978,121.052143,Cancelled
16.4199414,120.5973422,Cancelled
14.570199,120.991585,Cancelled
14.6687905,120.9996597,Delisted
7.069963,125.614062,Cancelled
14.5779765,120.9920266,Delisted
14.5963103,120.9766529,Forever Banned
14.5746039,120.9916417,Forever Banned
14.599753,121.028091,Suspended
14.566511,120.9857948,Cancelled
14.576754,120.989502,Cancelled
14.6281657,121.0480225,Cancelled
14.5701102,121.0249333,Delisted
28.367565,-80.6905219,Cancelled
14.570199,120.991585,Cancelled
14.698079,120.996227,Delisted
14.538528,121.017026,Delisted
28.4817167,-81.45805279999999,Expired
28.4817167,-81.45805279999999,Delisted
14.574128,120.983047,Cancelled
14.5794469,120.9786478,Delisted
14.582787,120.983065,Cancelled
14.5797375,120.9810447,Delisted
14.5755429,120.9818065,Cancelled
14.629866,121.043261,Delisted
14.514272,121.003578,Cancelled
14.4581924,121.0324511,Delisted
14.548848,120.991171,Delisted
14.5865426,121.0466123,Delisted
14.622641,121.045542,Cancelled
14.5784744,120.981941,Forever Banned
14.5831566,120.9804382,Denied Renewal
38.9221438,-104.8159062,Delisted
14.5711536,120.9845664,Cancelled
14.5520595,121.0033073,Delisted
14.575421,120.992649,Cancelled
14.5830002,120.9830017,Denied Renewal
14.562328,121.043038,Inactive
14.7068178,121.069175,Delisted
14.5718709,120.9838026,Cancelled
14.577135,120.981102,Forever Banned
14.5768,120.989578,Delisted
14.681537,121.079228,Delisted
14.57426,120.983049,Suspended (Document Processing)
14.5711536,120.9845664,Cancelled
14.5555649,120.9970729,Cancelled
14.579463,120.9804344,Cancelled
14.5618739,121.0047936,Cancelled
14.5864736,121.0476645,Inactive
14.5578852,121.0235015,Delisted
14.5776943,120.9814629,Delisted
14.581188,120.980495,Delisted
14.5448041,120.991619,Cancelled
14.5448041,120.991619,Delisted
7.066244699999999,125.6150995,Delisted
38.1673994,-105.3190387,Cancelled
14.596562,120.975968,Cancelled
14.5748623,120.9979984,Delisted
14.5694042,121.0251376,Cancelled
14.6515518,120.9846325,Delisted
14.553946,120.998737,Cancelled
14.4809926,120.9927913,Cancelled
14.5561677,121.0153363,Delisted
14.5500511,120.9927752,Cancelled
14.5561684,121.0020502,Forever Banned
42.4186138,-83.59430669999999,Inactive
14.559699,121.041049,Delisted
14.584651,120.9735279,Delisted
14.5895575,120.9757067,Delisted
14.5768,120.989578,Cancelled
14.570708,121.0254121,Delisted
14.591602,120.974929,Suspended (Document Processing)
14.5742148,120.9824563,Cancelled
14.5532259,120.990819,Delisted
29.005249,-80.87618990000001,Delisted
14.5844484,121.0623113,Denied Renewal
14.561466,121.028277,Forever Banned
14.4642693,121.014812,Delisted
14.4701996,121.0220032,Delisted
14.5662844,121.045711,Cancelled
14.5606242,121.0188615,Delisted
14.5797828,120.9774597,Cancelled
14.598707,120.980164,Cancelled
14.579463,120.9804344,Delisted
13.2350501,123.7785973,Delisted
14.575448,120.980424,Suspended (Document Processing)
14.578501,120.981922,Delisted
14.570218,121.0218649,Delisted
14.554729,121.0244452,Cancelled
14.5610756,121.026534,Delisted
14.5727102,120.990605,Suspended
14.6110296,120.9962387,Delisted
14.5340139,121.0228934,Delisted
14.5688129,120.9919428,Cancelled
14.5909087,120.9724921,Cancelled
7.104634399999999,125.584452,Delisted
14.569503,121.009895,Delisted
14.569503,121.009895,Delisted
14.5681609,121.0227604,Denied Renewal
14.5896103,120.9694255,Delisted
14.5910716,120.9701732,Delisted
14.5592063,121.0175979,Cancelled
14.579792,120.9779077,Delisted
10.7003503,122.5580679,Cancelled
14.5625341,121.0232069,Forever Banned
14.5650083,121.013714,Delisted
14.624198,121.051292,Cancelled
8.4810075,124.6445113,Delisted
14.5860739,120.9825134,Cancelled
14.5571158,121.0081041,Delisted
14.5789226,120.9808224,Delisted
39.7307941,-104.9410247,Suspended (Document Processing)
14.6326917,121.0455591,Delisted
14.557323,121.005958,Cancelled
16.039477,120.336194,Delisted
14.572827,120.994458,Cancelled
14.5768,120.989578,Delisted
14.6179529,121.0061203,Delisted
14.6179529,121.0061203,Delisted
14.5769485,120.982545,Delisted
14.5777331,120.9789431,Delisted
-6.7747798,-79.83463019999999,Forever Banned
14.5610756,121.026534,Cancelled
14.5784744,120.981941,Cancelled
40.672542,-73.8296269,Delisted
30.2400011,-89.55473839999999,Delisted
14.5761,121.050514,Delisted
14.5550554,121.0161624,Delisted
14.578883,120.987654,Cancelled
14.5079014,120.99443,Cancelled
14.562258,121.0261396,Delisted
14.571353,120.992128,Delisted
14.5819671,120.9858127,Cancelled
44.1687496,-87.676937,Delisted
36.0783108,-95.9090691,Delisted
14.5784744,120.981941,Cancelled
14.552668,121.017922,Cancelled
14.6235862,121.0541546,Cancelled
14.5508238,121.0438233,Delisted
16.414623,120.5907412,Cancelled
10.3247802,123.9447579,Delisted
13.758946,121.0759475,Cancelled
8.948092299999999,125.5381232,Revoked
14.5574149,121.0399602,Delisted
30.3045813,-81.6546193,Cancelled
14.612851,121.058585,Delisted
14.5750571,120.9804824,Delisted
14.6207509,121.103613,Delisted
14.5931358,120.9732021,Delisted
14.5590187,121.0215494,Delisted
14.6543796,121.0300608,Cancelled
14.5795273,120.9810424,Delisted
14.574127,120.992869,Cancelled
14.5738709,121.0429164,Cancelled
14.442437,120.992089,Cancelled
14.5620067,120.9960575,Forever Banned
14.5777178,120.9798253,Forever Banned
14.573821,120.9922794,Delisted
14.5802685,120.9790729,Cancelled
14.556255,121.018409,Delisted
14.5860739,120.9825134,Cancelled
14.572079,120.988467,Forever Banned
14.574128,120.983047,Suspended (Document Processing)
14.5770263,120.979675,Delisted
14.623839,121.045686,Cancelled
14.643892,121.054124,Delisted
14.5553055,121.0193095,Delisted
14.6237432,121.0317049,Delisted
14.572036,120.9837549,Cancelled
7.118904199999999,125.6270997,Delisted
14.5778953,120.9919787,Cancelled
14.5250975,120.9926561,Delisted
14.5615202,121.0044884,Delisted
14.5769485,120.982545,Cancelled
14.566947,121.02993,Delisted
14.6760413,121.0437003,Inactive
14.5804262,120.9798736,Cancelled
14.5596917,120.991308,Forever Banned
14.5860743,120.9825154,Forever Banned
14.5790148,120.9926248,Cancelled
14.5795965,120.9808658,Delisted
14.5860739,120.9825134,Cancelled
14.574128,120.983047,Suspended (Document Processing)
14.56242,121.0243982,Delisted
14.551464,121.016268,Cancelled
14.594605,120.97659,Forever Banned
14.6188053,121.0603634,Delisted
14.5400763,120.9982857,Delisted
14.6348344,121.0231421,Forever Banned
14.5876823,121.02485,Cancelled
14.574128,120.983047,Cancelled
14.633252,120.993904,Cancelled
14.577354,121.057715,Cancelled
14.5749386,120.9806862,Cancelled
14.602298,121.013814,Delisted
14.631241,120.999139,Delisted
14.5739026,120.9830178,Delisted
14.570199,120.9915848,Cancelled
14.578049,120.979852,Cancelled
14.5718709,120.9838026,Cancelled
14.5818011,121.0602962,Delisted
14.5715141,120.9843385,Cancelled
14.578072,120.982277,Cancelled
14.5441934,120.9944314,Cancelled
14.569561,121.014314,Delisted
14.5699186,120.9830118,Delisted
14.5756073,120.9827653,Cancelled
14.528817,121.004693,Delisted
14.5752739,120.984992,Cancelled
14.57426,120.983049,Cancelled
14.5486894,121.0125101,Delisted
14.556537,121.017518,Delisted
14.590296,120.974187,Delisted
14.5987402,120.9806275,Delisted
14.624357,121.056461,Delisted
14.5727102,120.990605,Delisted
14.5796518,120.9810691,Cancelled
14.553847,121.015316,Cancelled
14.593318,120.974252,Delisted
14.57426,120.983049,Delisted
14.5611521,120.9932931,Delisted
14.559853,121.0507916,Forever Banned
14.584642,121.062674,Delisted
41.3968095,-81.48419229999999,Delisted
14.561287,121.02726,Delisted
14.5513962,121.016888,Forever Banned
14.55415,121.015176,Expired
14.5770263,120.979675,Cancelled
14.554729,121.0244452,Delisted
14.5982051,120.9786247,Delisted
14.5778953,120.9919787,Revoked
14.574128,120.983047,Cancelled
14.5777331,120.9789431,Cancelled
-23.2672844,-51.1671509,Cancelled
14.5464501,120.9950601,Delisted
14.5464501,120.9950601,Delisted
14.5824085,120.9843116,Cancelled
14.5723639,120.9980011,Cancelled
33.605114,-84.471277,Delisted
14.5778953,120.9919787,Cancelled
14.4604341,120.9801437,Delisted
14.551912,121.005196,Suspended (Document Processing)
14.645196,121.027509,Delisted
14.5860739,120.9825134,Delisted
14.5645778,120.9981245,Cancelled
14.5464052,120.9940739,Delisted
10.3040635,123.8952591,Delisted
14.5401251,121.0122883,Delisted
14.5801898,120.989559,Cancelled
14.5708004,120.9859739,Delisted
14.4701996,121.0220032,Delisted
14.577883,120.978894,Delisted
14.600047,120.979902,Cancelled
14.7510471,120.9627574,Delisted
14.6290289,121.034182,Delisted
14.576762,120.989505,Cancelled
14.5657363,121.0300075,Cancelled
14.5721974,121.0176398,Delisted
14.600047,120.979902,Forever Banned
14.5779805,120.9797899,Cancelled
14.5559105,121.0157255,Delisted
14.5720617,120.9896258,Cancelled
32.4089521,-87.0004209,Delisted
14.552692,121.026279,Delisted
14.572036,120.9837549,Cancelled
14.5769485,120.982545,Cancelled
14.5750062,120.9807466,Suspended
14.592243,121.030283,Delisted
14.5663922,120.9853949,Cancelled
14.5532239,121.0175175,Forever Banned
14.5464846,120.9982299,Delisted
14.565309,120.9960275,Delisted
14.579289,120.9805517,Cancelled
14.585859,121.048451,Forever Banned
14.579089,120.982696,Cancelled
14.547362,121.044844,Delisted
14.579178,120.987014,Delisted
14.5817785,120.9877014,Cancelled
14.551711,121.003929,Cancelled
14.5400763,120.9982857,Delisted
14.5817869,120.986377,Cancelled
14.5618759,121.0020156,Cancelled
14.5769412,120.9894757,Cancelled
14.5779577,121.0514646,Delisted
14.577943,120.989717,Delisted
14.460445,121.045001,Revoked
14.5435996,120.9993892,Forever Banned
30.0121213,-90.1567037,Delisted
14.636181,121.025224,Delisted
14.6515748,120.9837584,Cancelled
14.5618359,120.9951197,Inactive
14.5557886,120.9952802,Cancelled
14.5605569,121.0172374,Delisted
14.5713102,121.027429,Delisted
14.5825854,120.9811025,Cancelled
14.5825854,120.9811025,Cancelled
10.3338597,123.9376003,Ceased Operations
14.5534962,121.0167861,Delisted
14.672557,121.0710499,Suspended
14.4793095,121.0198229,Delisted
14.578602,121.051544,Delisted
14.558242,121.016152,Delisted
14.615196,121.0623793,Delisted
14.5632944,120.9877319,Cancelled
14.562146,121.010909,Cancelled
14.562656,121.011122,Cancelled
44.901342,-93.739708,Delisted
14.552637,121.004775,Delisted
31.7443672,-106.4330792,Delisted
14.621121,121.022967,Delisted
14.577135,120.981102,Cancelled
14.5169384,121.00105,Delisted
14.57604,120.9841859,Cancelled
14.5737,120.9908137,Cancelled
14.55467,120.998954,Denied Renewal
14.5733454,120.9833282,Delisted
14.5633881,121.0589287,Cancelled
14.5854026,120.9888094,Delisted
26.1120526,62.03409629999999,Expired
14.6196051,121.0036067,Forever Banned
14.5408105,120.9924087,Delisted
14.5784744,120.981941,Cancelled
10.6713871,123.0555033,Delisted
14.570218,121.0218649,Cancelled
14.6014464,121.0123672,Delisted
14.623968,121.009085,Forever Banned
14.5881624,120.9779544,Delisted
14.5527402,121.017606,Delisted
14.6171052,121.0010427,Delisted
14.5748523,120.9817116,Delisted
14.5794469,120.9786478,Delisted
14.55327,120.99171,Delisted
14.5787917,120.9973842,Cancelled
14.575821,120.993839,Cancelled
14.6505535,121.0179989,Cancelled
14.572287,120.991625,Delisted
14.5819518,120.9818474,Delisted
14.600047,120.979902,Cancelled
14.65073,121.1028546,Delisted
14.6260631,121.0565286,Cancelled
14.5999798,120.980685,Forever Banned
14.58241,120.985552,Forever Banned
14.5826355,121.0134406,Cancelled
14.575394,120.982131,Cancelled
14.5742148,120.9824563,Cancelled
14.7646773,121.0782249,Cancelled
14.574128,120.983047,Cancelled
14.5800723,120.9864282,Cancelled
14.621236,121.02332,Cancelled
14.5484123,121.0037913,Delisted
38.9115194,-77.04882500000001,Delisted
14.564364,121.014459,Cancelled
14.575015,120.980793,Inactive
14.598689,120.977863,Delisted
14.5281372,121.042162,Delisted
14.634393,121.020999,Delisted
14.5773772,120.9788829,Cancelled
15.2229086,120.5745324,Delisted
14.573954,120.983212,Cancelled
14.5705268,120.9845386,Delisted
14.575588,120.980173,Cancelled
14.56962,121.028343,Cancelled
14.5781773,120.9784922,Cancelled
14.5908566,120.9661179,Delisted
14.559807,121.000936,Inactive
14.561565,121.024164,Delisted
14.623141,121.029028,Cancelled
14.5804504,120.9810993,Cancelled
14.570199,120.9915848,Cancelled
14.571827,120.993118,Cancelled
14.5774944,120.9793477,Delisted
14.5784744,120.981941,Cancelled
14.5735614,120.9924246,Cancelled
14.611801,121.07524,Cancelled
14.576367,120.994158,Cancelled
14.5727102,120.990605,Delisted
6.9225575,122.0438474,Cancelled
14.5546348,121.0133958,Delisted
14.530335,121.008082,Delisted
14.5768,120.989578,Preventive Suspension
14.5769485,120.982545,Cancelled
14.567655,120.985907,Cancelled
